-- MySQL dump 10.13  Distrib 8.0.12, for osx10.14 (x86_64)
--
-- Host: localhost    Database: ideematic
-- ------------------------------------------------------
-- Server version	8.0.12

/*!40101 SET @OLD_CHARACTER_SET_CLIENT=@@CHARACTER_SET_CLIENT */;
/*!40101 SET @OLD_CHARACTER_SET_RESULTS=@@CHARACTER_SET_RESULTS */;
/*!40101 SET @OLD_COLLATION_CONNECTION=@@COLLATION_CONNECTION */;
 SET NAMES utf8mb4 ;
/*!40103 SET @OLD_TIME_ZONE=@@TIME_ZONE */;
/*!40103 SET TIME_ZONE='+00:00' */;
/*!40014 SET @OLD_UNIQUE_CHECKS=@@UNIQUE_CHECKS, UNIQUE_CHECKS=0 */;
/*!40014 SET @OLD_FOREIGN_KEY_CHECKS=@@FOREIGN_KEY_CHECKS, FOREIGN_KEY_CHECKS=0 */;
/*!40101 SET @OLD_SQL_MODE=@@SQL_MODE, SQL_MODE='NO_AUTO_VALUE_ON_ZERO' */;
/*!40111 SET @OLD_SQL_NOTES=@@SQL_NOTES, SQL_NOTES=0 */;

--
-- Table structure for table `ar_internal_metadata`
--

DROP TABLE IF EXISTS `ar_internal_metadata`;
/*!40101 SET @saved_cs_client     = @@character_set_client */;
 SET character_set_client = utf8mb4 ;
CREATE TABLE `ar_internal_metadata` (
  `key` varchar(255) NOT NULL,
  `value` varchar(255) DEFAULT NULL,
  `created_at` datetime NOT NULL,
  `updated_at` datetime NOT NULL,
  PRIMARY KEY (`key`)
) ENGINE=InnoDB DEFAULT CHARSET=utf8;
/*!40101 SET character_set_client = @saved_cs_client */;

--
-- Dumping data for table `ar_internal_metadata`
--

LOCK TABLES `ar_internal_metadata` WRITE;
/*!40000 ALTER TABLE `ar_internal_metadata` DISABLE KEYS */;
INSERT INTO `ar_internal_metadata` VALUES ('environment','development','2018-10-02 10:11:18','2018-10-02 10:11:18');
/*!40000 ALTER TABLE `ar_internal_metadata` ENABLE KEYS */;
UNLOCK TABLES;

--
-- Table structure for table `rss_entries`
--

DROP TABLE IF EXISTS `rss_entries`;
/*!40101 SET @saved_cs_client     = @@character_set_client */;
 SET character_set_client = utf8mb4 ;
CREATE TABLE `rss_entries` (
  `id` bigint(20) NOT NULL AUTO_INCREMENT,
  `rss_feed_id` bigint(20) DEFAULT NULL,
  `title` varchar(255) DEFAULT NULL,
  `content` text,
  `date` date DEFAULT NULL,
  `is_read` tinyint(1) DEFAULT NULL,
  `created_at` datetime NOT NULL,
  `updated_at` datetime NOT NULL,
  `url` varchar(255) DEFAULT NULL,
  PRIMARY KEY (`id`),
  KEY `index_rss_entries_on_rss_feed_id` (`rss_feed_id`),
  CONSTRAINT `fk_rails_7060743c31` FOREIGN KEY (`rss_feed_id`) REFERENCES `rss_feeds` (`id`)
) ENGINE=InnoDB AUTO_INCREMENT=190 DEFAULT CHARSET=utf8;
/*!40101 SET character_set_client = @saved_cs_client */;

--
-- Dumping data for table `rss_entries`
--

LOCK TABLES `rss_entries` WRITE;
/*!40000 ALTER TABLE `rss_entries` DISABLE KEYS */;
INSERT INTO `rss_entries` VALUES (113,4,'Google lance en bêta-test son service de streaming de jeux vidéo via Chrome, Project Stream va inaugurer le jeu Assassin\'s Creed Odyssey d\'Ubisoft','<b>Google lance en bêta-test son service de streaming de jeux vidéo via Chrome</b><br />\r\n<b>Project Stream va inaugurer le jeu Assassin\'s Creed Odyssey d\'Ubisoft </b><br/><br/>Confirmant une rumeur qui a circulé début février, Google lance en bêta-test son projet Stream, un service de streaming de jeux vidéo via Chrome.<br/><br/>Les services de streaming de jeux vidéo ou de cloud gaming, même s\'ils sont encore à leurs balbutiements, sont devenus à la mode ces dernières années. L\'idée pour promouvoir ces services est qu\'au lieu de faire...','2018-10-02',NULL,'2018-10-02 17:01:00','2018-10-02 17:01:00','http://www.developpez.com/actu/226999/Google-lance-en-beta-test-son-service-de-streaming-de-jeux-video-via-Chrome-Project-Stream-va-inaugurer-le-jeu-Assassin-s-Creed-Odyssey-d-Ubisoft/'),(114,4,'France : le ministre des Armées annonce que Qwant sera le moteur de recherche par défaut sur les ordinateurs du département sous sa responsabilité','<b>France&nbsp;: le ministre des Armées annonce que Qwant sera le moteur de recherche par défaut sur les ordinateurs</b><br />\r\n<b>Du département sous sa responsabilité</b><br/><br/>L\'annonce est de Florence Parly  à la tête du ministère de la Défense en France depuis 2017  sur son compte Twitter&nbsp;: Qwant sera le moteur de recherche par défaut sur tous les ordinateurs du département dont elle a la charge.  <br/><br/><img src=\"https://www.developpez.net/forums/attachments/p416637d1/a/a/a\" /><br />\r\nCette envie de «&nbsp;montrer l\'exemple&nbsp;» fait suite à celle des représentants du peuple français au Parlement....','2018-10-02',NULL,'2018-10-02 17:01:00','2018-10-02 17:01:00','http://www.developpez.com/actu/226943/France-le-ministre-des-Armees-annonce-que-Qwant-sera-le-moteur-de-recherche-par-defaut-sur-les-ordinateurs-du-departement-sous-sa-responsabilite/'),(115,4,'Un code de mérite pour gérer le travail collaboratif par le mérite technique, solution idéale pour gérer les projets ou initiative non applicable ?','<b>Un code de mérite pour favoriser le travail collaboratif sur la base du mérite technique,</b><br />\r\n<b>solution idéale pour gérer les projets ou initiative irréalisable comportant des dérives ?</b><br/><br/>La gestion du travail collaboratif appelle nécessairement à gérer une diversité de personnes. Pour éviter des écarts de langages et de réactions entre les contributeurs d\'un projet, certaines personnes et entreprises n\'hésitent pas à élaborer un code de conduite que les membres du groupe devront respecter afin de pouvoir...','2018-09-28',NULL,'2018-10-02 17:01:00','2018-10-02 17:01:00','http://www.developpez.com/actu/226652/Un-code-de-merite-pour-gerer-le-travail-collaboratif-par-le-merite-technique-solution-ideale-pour-gerer-les-projets-ou-initiative-non-applicable/'),(116,4,'Tutoriel pour apprendre à déployer une application Python avec Kubernetes sur IBM Cloud, par Kunal Malhotra','Chers membres,<br />\r\nC\'est un plaisir renouvelé de vous présenter <a href=\"https://www.developpez.com/redirect/3904\" target=\"_blank\">ce tutoriel pour apprendre à déployer une application Python avec Kubernetes dans IBM Cloud</a>.<br/><br/>\r\n	\r\n		\r\n			\r\n			\r\n				 Kubernetes est sorti depuis quelques années (sa version initiale a été lancée en juin 2014) et, bien que la communauté du codage soit au courant et ait eu vent de ses plus grandes capacités, de nombreuses personnes ne l\'ont pas encore utilisé. Si vous n\'utilisez pas encore Kubernetes, vous n\'êtes pas seul .<br/><br/>D\'après ce que...','2018-09-28',NULL,'2018-10-02 17:01:00','2018-10-02 17:01:00','http://ibmcloud.developpez.com/actu/226616/Tutoriel-pour-apprendre-a-deployer-une-application-Python-avec-Kubernetes-sur-IBM-Cloud-par-Kunal-Malhotra/'),(117,4,'Safari : les résultats de recherches suggérés par Siri incluent des sites de fake news et théories du complot, Apple s\'est empressé de corriger le tir','<b>Safari : les résultats de recherches suggérés par Siri incluent des sites de fake news et théories du complot</b><br />\r\n<b>Apple s\'est empressé de corriger le tir</b><br/><br/>Depuis peu, il a pu être remarqué que les sites web suggérés par Siri sur Safari contenaient des sites de fake news ou de théories du complot. Ce qui a soulevé de grandes interrogations sur la capacité de l\'entreprise à garantir la qualité des résultats et des informations que son algorithme propose. En effet, certains mots-clés de recherche pouvaient...','2018-09-28',NULL,'2018-10-02 17:01:00','2018-10-02 17:01:00','http://www.developpez.com/actu/226560/Safari-les-resultats-de-recherches-suggeres-par-Siri-incluent-des-sites-de-fake-news-et-theories-du-complot-Apple-s-est-empresse-de-corriger-le-tir/'),(118,4,'The State Of JavaScript 2018, le formulaire de l\'enquête est disponible.','<b>The State Of JavaScript : participez à l\'édition 2018 de l\'enquête</b><br />\r\n<b>qui permet d\'avoir une vue macro des technologies utilisées dans le monde JS</b><br/><br/>Depuis quelques années, des organisations ou des particuliers organisent des enquêtes annuelles dénommées &quot;the State of ...&quot; sur le modèle du discours sur l\'état de l\'Union prononcé par le président américain devant son parlement. <br/><br/>La plus sérieuse de ces enquêtes est sans conteste <a href=\"https://puppet.com/blog/introducing-2018-state-devops-survey-new-research-focus\" target=\"_blank\">le State Of DevOps</a> mené par la société puppet depuis 5 ans.<br/><br/>L\'écosystème...','2018-09-28',NULL,'2018-10-02 17:01:00','2018-10-02 17:01:00','http://web.developpez.com/actu/226472/The-State-Of-JavaScript-2018-le-formulaire-de-l-enquete-est-disponible/'),(119,4,'UploadAjaxABCI : solution complète d\'upload Ajax-jQuery et classes PHP serveur, informations en temps réel, file d\'attente, etc.','<b>UploadAjaxABCI&nbsp;: une solution complète d\'upload Ajax-jQuery et classes PHP serveur,</b><br />\r\n<b>Informations en temps réel, file d\'attente, etc.</b><br/><br/><b>UploadAjaxABCI</b> est une solution complète d\'upload conçue par notre éminent membre <a href=\"https://www.developpez.net/forums/u388426/abciweb/\" target=\"_blank\">ABCIWEB</a>. Elle utilise la technologie Ajax-jQuery ainsi que des classes PHP pour le côté serveur permettant de bénéficier d\'une solution finalisée prête à l\'emploi et configurable.<br/><br/>C\'est une solution éprouvée et approuvée par plusieurs de nos visiteurs. L\'outil est mis à jour régulièrement...','2018-09-28',NULL,'2018-10-02 17:01:00','2018-10-02 17:01:00','http://ajax.developpez.com/actu/226464/UploadAjaxABCI-solution-complete-d-upload-Ajax-jQuery-et-classes-PHP-serveur-informations-en-temps-reel-file-d-attente-etc/'),(120,4,'Tutoriel pour apprendre les bases du deep learning et des réseaux de mémoire à long terme, par Romeo Kienzler','Chers membres,<br />\r\nC\'est un plaisir renouvelé de vous présenter <a href=\"https://www.developpez.com/redirect/3900\" target=\"_blank\">ce tutoriel pour apprendre les bases du deep learning et des réseaux de mémoire à long terme</a>.<br/><br/>\r\n	\r\n		\r\n			\r\n			\r\n				Ce tutoriel va vous apprendre quelques avantages du machine learning dans l\'analyse de données et les journaux d\'évènements, pour améliorer votre proactivité dans la détection et la résolution d\'anomalies sur vos systèmes connectés.\r\n			\r\n		\r\n	\r\n<br/><br/><img src=\"https://www.developpez.net/forums/images/smilies/fleche.gif\" border=\"0\" alt=\"\" title=\":fleche:\" class=\"inlineimg\" /> <a href=\"https://www.developpez.com/redirect/3836\" target=\"_blank\">Retrouvez les meilleurs cours et tutoriels pour apprendre à exploiter les services...</a>','2018-09-27',NULL,'2018-10-02 17:01:00','2018-10-02 17:01:00','http://ibmcloud.developpez.com/actu/226416/Tutoriel-pour-apprendre-les-bases-du-deep-learning-et-des-reseaux-de-memoire-a-long-terme-par-Romeo-Kienzler/'),(121,4,'Chrome 70 va permettre de désactiver la fonctionnalité de connexion automatique controversée, et supprimer les cookies d\'authentification Google','<b>Chrome 70 va permettre de désactiver la fonctionnalité de connexion automatique controversée </b><br />\r\n<b>et supprimer les cookies d\'authentification Google</b><br/><br/>Au début de ce mois, Google a commencé le déploiement d\'une nouvelle version de son navigateur, <a href=\"https://www.developpez.com/actu/222388/Chrome-69-est-disponible-en-telechargement-en-version-stable-le-navigateur-ne-marque-plus-les-sites-HTTPS-comme-etant-securises/\" target=\"_blank\">Chrome 69</a>. Cette version a coïncidé avec la célébration <a href=\"https://www.developpez.com/actu/222064/Google-Chrome-fete-ses-10-ans-Petit-retour-sur-les-promesses-d-un-nouveau-venu-sur-le-marche-des-navigateurs-qui-voulait-revolutionner-le-Web/\" target=\"_blank\">des 10 ans du navigateur</a> qui est depuis quelques années le plus populaire au monde. Google a voulu marquer ce 10e anniversaire avec bon nombre de nouveautés, dont certaines ne pourront passer inaperçues....','2018-09-26',NULL,'2018-10-02 17:01:00','2018-10-02 17:01:00','http://www.developpez.com/actu/226287/Chrome-70-va-permettre-de-desactiver-la-fonctionnalite-de-connexion-automatique-controversee-et-supprimer-les-cookies-d-authentification-Google/'),(122,4,'Chrome 69 conserverait-il les cookies Google après la suppression de toutes les données de navigation ? Christoph Tavan soutient que c\'est le cas','<b>Chrome 69 conserverait-il les cookies Google après la suppression de toutes les données de navigation&#8201;?</b><br />\r\n<b>Christoph Tavan soutient que c\'est le cas et dénonce ce changement</b><br/><br/>Depuis la sortie de Chrome 69, Google fait face à une succession de mécontentements à mesure que le nouveau navigateur est disséqué et les changements découverts. Dès les premières heures après avoir été rendu disponible, les internautes ont découvert à leur grande surprise que le navigateur n\'affichait plus les préfixes...','2018-09-25',NULL,'2018-10-02 17:01:00','2018-10-02 17:01:00','http://www.developpez.com/actu/226184/Chrome-69-conserverait-il-les-cookies-Google-apres-la-suppression-de-toutes-les-donnees-de-navigation-Christoph-Tavan-soutient-que-c-est-le-cas/'),(123,4,'Apprendre à programmer et à déployer une application Java sur IBM Cloud, un tutoriel d\'IBM','Chers membres,<br />\r\nC\'est un plaisir renouvelé de vous présenter <a href=\"https://www.developpez.com/redirect/3892\" target=\"_blank\">ce tutoriel pour apprendre à programmer et à déployer une application Java sur IBM Cloud</a>.<br/><br/>\r\n	\r\n		\r\n			\r\n			\r\n				Ce tutoriel est une introduction à la programmation Java dans l\'environnment IBM Cloud. Vous allez apprendre de façon pratique, à programmer une application en plusieurs modules, avec les services et composants du PaaS IBM Cloud.<br/><br/>La phase pratique de la formation se fera avec Eclipse. C\'est un IDE qui dispose d\'outils de connexion...','2018-09-25',NULL,'2018-10-02 17:01:00','2018-10-02 17:01:00','http://ibmcloud.developpez.com/actu/226056/Apprendre-a-programmer-et-a-deployer-une-application-Java-sur-IBM-Cloud-un-tutoriel-d-IBM/'),(124,4,'L\'Assemblée nationale abandonne Google comme moteur de recherche en interne pour Qwant, mais qu\'en sera-t-il dans la mise en uvre de cette décision ?','<b>L\'Assemblée nationale abandonne Google comme moteur de recherche en interne pour Qwant</b><br />\r\n<b>mais qu\'en sera-t-il dans la mise en oeuvre de cette décision ?</b><br/><br/>Dans l\'esprit du Règlement général européen sur la protection des données (RGPD) qui est entré en vigueur en mai 2018, des députés de la République En Marche ont eu l\'idée de bannir la collecte des données des internautes à travers les moteurs de recherche. À défaut de pouvoir bannir cette pratique, ce qui est moins réaliste, ils ont plutôt choisi...','2018-09-24',NULL,'2018-10-02 17:01:00','2018-10-02 17:01:00','http://www.developpez.com/actu/225860/L-Assemblee-nationale-abandonne-Google-comme-moteur-de-recherche-en-interne-pour-Qwant-mais-qu-en-sera-t-il-dans-la-mise-en-oeuvre-de-cette-decision/'),(125,4,'Chrome 69 : Google ajoute silencieusement la connexion forcée à Chrome qui s\'active une fois connecté à un service Google, des voix décrient ce fait','<b>Chrome 69 : Google ajoute silencieusement la connexion forcée à Chrome qui s\'active une fois connecté à un service Google,</b><br />\r\n<b>des voix s\'élèvent contre cette pratique</b><br/><br/>S\'il est une chose qui a marqué la version 69 du navigateur Chrome sortie il y a quelques semaines, c\'est qu\'elle n\'est pas passée inaperçue. Et pour cause, le navigateur du géant de la recherche a fait peau neuve en se repaissant d\'un nouveau design basé sur les principes de Material 2. Parmi les nouvelles fonctionnalités appréciées...','2018-09-24',NULL,'2018-10-02 17:01:00','2018-10-02 17:01:00','http://www.developpez.com/actu/225816/Chrome-69-Google-ajoute-silencieusement-la-connexion-forcee-a-Chrome-qui-s-active-une-fois-connecte-a-un-service-Google-des-voix-decrient-ce-fait/'),(126,4,'USA : un décret antitrust visant à enquêter sur les pratiques de Google, Facebook et autres serait envisagé par la Maison-Blanche','<b>USA : un décret antitrust visant à enquêter sur les pratiques de Google, Facebook et autres serait envisagé</b><br />\r\n<b>par la Maison-Blanche</b><br/><br/>« Les médias sociaux sont totalement discriminatoires contre les voix républicaines / conservatrices. L\'administration Trump ne laissera pas cela se produire. Ils réduisent les opinions de nombreuses personnes de la Droite, tout en ne faisant rien aux autres », a déclaré Donald Trump sur Twitter en août dernier. Peu après, les entreprises de réseaux sociaux se sont exprimées...','2018-09-24',NULL,'2018-10-02 17:01:00','2018-10-02 17:01:00','http://www.developpez.com/actu/225648/USA-un-decret-antitrust-visant-a-enqueter-sur-les-pratiques-de-Google-Facebook-et-autres-serait-envisage-par-la-Maison-Blanche/'),(127,4,'Apprendre à utiliser le framework Laravel 5.5 - Les données, un cours de Maurice Chavelli','Chers membres du club,<br/><br/>J\'ai le plaisir de vous présenter cette seconde partie de cette série de cours destinée à vous apprendre l\'utilisation la version 5.5 du framework Laravel.<br/><br/>Dans ce cours, nous abordons <a href=\"https://maurice-chavelli.developpez.com/tutoriels/laravel-5-5/les-donnees/\" target=\"_blank\">les données</a>.<br/><br/>\r\n	\r\n		\r\n			\r\n			\r\n				Ce Cours fait partie d\'une série de tutoriels pour vous apprendre à utiliser le framework Laravel version 5.5. Nous allons aborder les bases de données. C\'est un vaste sujet auquel Laravel apporte des réponses efficaces. Nous allons commencer par voir les migrations...','2018-09-24',NULL,'2018-10-02 17:01:00','2018-10-02 17:01:00','https://maurice-chavelli.developpez.com/tutoriels/laravel-5-5/les-donnees/'),(128,4,'Des milliers de sites WordPress infectés redirigent les visiteurs vers des pages d\'escroquerie au faux support technique','<b>Des milliers de sites WordPress infectés redirigent les visiteurs   </b><br />\r\n<b>vers des pages d\'escroquerie au faux support technique  </b><br/><br/>Des milliers de sites Web WordPress ont été compromis et les hackers responsables ont injectés du code JavaScript qui redirige les utilisateurs vers les pages d\'escroquerie au faux support technique.<br/><br/>Les chercheurs en sécurité ont découvert que les attaques avaient débuté au début du mois de septembre. Selon eux, les intrus ont accès à ces sites, non pas en exploitant les...','2018-09-23',NULL,'2018-10-02 17:01:00','2018-10-02 17:01:00','http://www.developpez.com/actu/225612/Des-milliers-de-sites-WordPress-infectes-redirigent-les-visiteurs-vers-des-pages-d-escroquerie-au-faux-support-technique/'),(129,4,'USA : près de 80 % des lecteurs désapprouvent l\'utilisation de widgets de recommandation de contenu web, selon une étude','<b>USA : près de 80 % des lecteurs désapprouvent l\'utilisation de widgets de recommandation de contenu web</b><br />\r\n<b>selon une étude</b><br/><br/>Arkadium, un fournisseur de contenu interactif pour sites web, vient de publier les résultats de son étude sur les opinions des consommateurs au sujet des widgets de recommandation de contenu web. L\'étude a pris en compte une population de 300 consommateurs américains et a abouti à la conclusion générale que 79 % des consommateurs interrogés désapprouvent les sites utilisant des...','2018-09-21',NULL,'2018-10-02 17:01:00','2018-10-02 17:01:00','http://www.developpez.com/actu/225424/USA-pres-de-80-pourcent-des-lecteurs-desapprouvent-l-utilisation-de-widgets-de-recommandation-de-contenu-web-selon-une-etude/'),(130,4,'Stratégie de contenu mobile - A Book Apart n°8, un livre de Karen McGrane, une critique de David Bleuse','<b>Stratégie de contenu mobile<br />\r\nA Book Apart n°8</b><br/><br/><b><a href=\"https://web.developpez.com/livres/index/?page=Conception-generale-de-sites-web#L2212143915\" target=\"_blank\"><img src=\"https://images-na.ssl-images-amazon.com/images/I/41WvVaBop3L._SX322_BO1,204,203,200_.jpg\" /></a></b>\r\n	\r\n		\r\n			\r\n			\r\n				Comment s\'assurer d\'offrir le meilleur contenu web possible dans tous les contextes d\'utilisation ?<br/><br/>Karen Mc Grane répond à cette question en partant du principe que ce n\'est pas à vous de décider avec quel appareil ou quelle plate-forme vos clients vont accéder au contenu que vous proposez : c\'est un choix qui leur revient.<br/><br/>Cette spécialiste en stratégie de contenu et en architecture de l\'information vous enseigne ici tous les fondamentaux...','2018-09-21',NULL,'2018-10-02 17:01:00','2018-10-02 17:01:00','https://web.developpez.com/livres/index/?page=Conception-generale-de-sites-web#L2212136757'),(131,4,'Antitrust : l\'UE pourrait infliger des sanctions à Facebook si ses conditions d\'utilisation ne sont pas mises à jour, selon des sources européennes','<b>Antitrust : l\'UE pourrait infliger des sanctions à Facebook si ses conditions d\'utilisation ne sont pas mises à jour</b><br />\r\n<b>Selon des sources européennes</b><br/><br/>Facebook doit se conformer aux règles de l\'UE en matière de protection des consommateurs en adaptant ses conditions de service au risque de faire l\'objet de sanction de la part de l\'Union Européenne, c\'est ce que nous rapport Reuters. <br/><br/>En effet, en novembre 2016, les autorités et organisations de protection des consommateurs de l\'UE, avec le concours de...','2018-09-20',NULL,'2018-10-02 17:01:00','2018-10-02 17:01:00','http://www.developpez.com/actu/225271/Antitrust-l-UE-pourrait-infliger-des-sanctions-a-Facebook-si-ses-conditions-d-utilisation-ne-sont-pas-mises-a-jour-selon-des-sources-europeennes/'),(132,4,'Mozilla annonce la disponibilité de Firefox Reality, son navigateur conçu pour la réalité virtuelle, sur Oculus et Daydream','<b>Mozilla annonce la disponibilité de Firefox Reality, son navigateur conçu pour la réalité virtuelle,</b><br />\r\n<b>sur Oculus et Daydream  </b><br/><br/>Au début de l\'année, Mozilla a annoncé le lancement d\'un tout nouveau navigateur Web nommé Firefox Reality, conçu pour fonctionner avec des casques autonomes de réalité virtuelle et réalité augmentée (ou réalité mixte). <br/><br/>Tentant d\'expliquer la pertinence d\'un tel projet, la Fondation avait avancé « qu\'il existe d\'autres solutions pour naviguer et accéder aux web via des casques...','2018-09-20',NULL,'2018-10-02 17:01:00','2018-10-02 17:01:00','http://www.developpez.com/actu/225255/Mozilla-annonce-la-disponibilite-de-Firefox-Reality-son-navigateur-concu-pour-la-realite-virtuelle-sur-Oculus-et-Daydream/'),(133,5,'Gagnez une entrée à dotJS et dotCSS','<p>Le duo de conférences <a href=\"https://www.dotcss.io/\">dotCSS</a> et <a href=\"https://www.dotjs.io/\">dotJS</a> aura bientôt lieu, à Paris, le 8 et 9 novembre 2018. Cet événement majeur dans le monde du Web réunira des oratrices et orateurs de tous les continents, dont certains noms vous sont probablement déjà connus : Sara Soueidan, Una Kravets, Sacha Greif, John Papa... DotJS sera par ailleurs animé par le flamboyant Christophe Porteneuve (<a href=\"http://delicious-insights.com/\">Delicious Insights</a>).</p>\n\n<p>À cette occasion, l\'organisateur dotConférences et Alsacréations vous proposent :</p>\n\n<ul>\n<li>de gagner une entrée !</li>\n<li>de bénéficier de 20% de réduction sur le tarif billetterie</li>\n</ul>\n\n<p><img src=\"https://www.alsacreations.com/xmedia/doc/original/1537450605-dotjs-2018.jpg\" alt=\"dotJS 2018\" title=\"\" data-img_id=\"2844\"></p>\n\n<h3>Gagner une entrée</h3>\n\n<p>Nous n\'allons pas faire compliqué car nous savons que les passionné·e·s de CSS et JS voient leur temps compté avec tous les bugs rencontrés au quotidien, c\'est pourquoi le défi se résume à re-twitter le twit relatif à la présente actualité (<em>inception!</em>):</p>\n\n<blockquote class=\"twitter-tweet\" data-cards=\"hidden\" data-lang=\"fr\"><p lang=\"fr\" dir=\"ltr\">Gagnez une entrée à dotJS et dotCSS en re-twittant ceci, ou bénéficiez de -20% de réduction sur les billets avec le code top secret &quot;ALSACREATIONS&quot; ! <a href=\"https://t.co/VYVWEFGMZg\">https://t.co/VYVWEFGMZg</a> <a href=\"https://t.co/GizW9UWOJH\">pic.twitter.com/GizW9UWOJH</a></p>&mdash; alsacreations (@alsacreations) <a href=\"https://twitter.com/alsacreations/status/1042774817756332033?ref_src=twsrc%5Etfw\">20 septembre 2018</a></blockquote>\n\n<p>Un tirage au sort sera effectué le vendredi 28 septembre à 13h37 pour déterminer qui bénéficiera de cette entrée offerte.</p>\n\n<p>Mise à jour, le tirage au sort a eu lieu, le gagnant est @john_besson</p>\n\n<blockquote class=\"twitter-tweet\" data-lang=\"fr\"><p lang=\"fr\" dir=\"ltr\">C&#39;est <a href=\"https://twitter.com/john_besson?ref_src=twsrc%5Etfw\">@john_besson</a> qui gagne l&#39;entrée à DotCSS/DotJS<br>(Voici les résultats du tirage au sort : <a href=\"https://t.co/daR7aLYFdP\">https://t.co/daR7aLYFdP</a>) Pour tous les autres, il y a toujours le code promo &quot;ALSACREATIONS&quot; à utiliser sur <a href=\"https://t.co/RcACVYGQEF\">https://t.co/RcACVYGQEF</a> ! Merci à <a href=\"https://twitter.com/dotJS?ref_src=twsrc%5Etfw\">@dotjs</a>, on y sera <a href=\"https://t.co/lm9BI8t9Pd\">pic.twitter.com/lm9BI8t9Pd</a></p>&mdash; alsacreations (@alsacreations) <a href=\"https://twitter.com/alsacreations/status/1045639572523274245?ref_src=twsrc%5Etfw\">28 septembre 2018</a></blockquote>\n\n<script async src=\"https://platform.twitter.com/widgets.js\" charset=\"utf-8\"></script>\n\n<h3>Bénéficier de 20% de réduction sur le tarif billetterie</h3>\n\n<p>Pour ceci, c\'est encore plus simple, vous utilisez le code \"ALSACREATIONS\" lors de l\'inscription (attention si vous oubliez le S vous aurez un malus de +20%!). Par la magie des liens, on vous facilite la vie, à la portée d\'un clic :</p>\n\n<ul>\n<li>dotCSS : <a href=\"https://2018.dotcss.io/tickets?promocode=ALSACREATIONS\">https://2018.dotcss.io/tickets?promocode=ALSACREATIONS</a></li>\n<li>dotJS : <a href=\"https://2018.dotjs.io/tickets?promocode=ALSACREATIONS\">https://2018.dotjs.io/tickets?promocode=ALSACREATIONS</a></li>\n</ul>\n\n<p>Merci à dotJS/dotCSS pour cette nouvelle édition prometteuse, au plaisir de vous y retrouver !</p>\n\n<p>Lieu de l\'événement :\nDock Pullman\n87 Avenue des Magasins Généraux (Bâtiment 137)\n93300 Aubervilliers</p>\n\n<p><img src=\"https://www.alsacreations.com/xmedia/doc/original/logo-dotjs-black-web.png\" alt=\"dotJS conférence\" title=\"\" data-img_id=\"2714\"></p>\n<p><b><a href=\"https://www.alsacreations.com/actu/lire/1775-gagnez-une-entree-a-dotjs-et-dotcss.html\">Publié par Alsacreations.com</a></b></p>','2018-09-20',NULL,'2018-10-02 17:01:14','2018-10-02 17:01:14','https://www.alsacreations.com/actu/lire/1775-gagnez-une-entree-a-dotjs-et-dotcss.html'),(134,5,'Rendez-vous à Paris Web 2018 !','<p>Paris Web est le gros événement Web à ne pas manquer début Octobre&nbsp;: pour sa 13e édition, ce cycle de conférences et ateliers rassemblera une cinquantaine d\'orateurs et d\'oratrices en pointe dans leurs sujets. Le thème de cette année est : <strong>Cultivons le Web de demain</strong>.</p>\n\n<p>Certains thèmes sont fondamentaux à Paris Web depuis sa création. Cette édition 2018 ne fait pas exception :</p>\n\n<ul>\n<li>le Front-End sera présent en très grande force (React, Vue, CSS, JS, SVG, etc.), avec notamment un certain Raphaël qui vous <a href=\"https://www.paris-web.fr/2018/ateliers/css-grid-layout-les-mains-dans-le-cambouis.php\">fera travailler Grid Layout</a> ;)</li>\n<li>l\'Accessibilité est toujours de la partie, que ce soit dans les sujets (WCAG 2.1, ateliers, etc.), ou sur place (LSF, vélotypie, accès aux PMR, boucle magnétique sur place, etc.)</li>\n<li>la Qualité Web est plus que jamais présente, via la performance, de nombreux sujets de sécurité, les boulettes en prod, etc.</li>\n<li>le Web Design, notamment via de nombreux sujet sur l\'UX, ou des choses plus spécifiques comme l\'Atomic Design, les outils de prototypage, etc.</li>\n</ul>\n\n<p>À noter, cette année vous verrez entre autres trois intervenants travaillant au W3C sur les relations avec les développeurs/développeuses, l\'internationalisation des sites et le style guide… du W3C, avec l\'un des co-créateurs de… CSS&nbsp;: Bert Bos.</p>\n\n<p>D\'autres thèmes/sujets comme l\'IA, l\'éthique, la vie privée, les jeux vidéos, etc. sont également présents, afin de vous ouvrir à d\'autres sujets.</p>\n\n<p>Les conférences auront lieu à l\'IBM Client Paris, les 4 et 5 Octobre.</p>\n\n<p>Les ateliers quant à eux auront lieu à la Web School Factory le 6 Octobre.</p>\n\n<p>Pour en savoir plus :</p>\n\n<ul>\n<li>Le programme : <a href=\"https://www.paris-web.fr/2018/\">https://www.paris-web.fr/2018/</a></li>\n<li>Le <a href=\"https://inscriptions.paris-web.fr/?utm_source=referral&amp;utm_medium=alsacreations&amp;utm_campaign=alsa\">lien d\'inscription</a> (ne trainez pas, le tarif Late Bird arrive le 20 Septembre)</li>\n<li>Pour sponsoriser l\'événement (et notamment l\'accessibilité) : <a href=\"https://www.paris-web.fr/soutenez-paris-web.php\">https://www.paris-web.fr/soutenez-paris-web.php</a></li>\n</ul>\n\n<p>Alors, on vous donne rendez-vous à Paris Web 2018&nbsp;?</p>\n\n<p><img src=\"https://www.alsacreations.com/xmedia/doc/original/1536068249-paris-web.jpg\" alt=\"\" title=\"\" data-img_id=\"2843\"></p>\n<p><b><a href=\"https://www.alsacreations.com/actu/lire/1774-rendez-vous-a-paris-web-2018.html\">Publié par Alsacreations.com</a></b></p>','2018-09-04',NULL,'2018-10-02 17:01:14','2018-10-02 17:01:14','https://www.alsacreations.com/actu/lire/1774-rendez-vous-a-paris-web-2018.html'),(135,5,'Inspecter un DOM qui bouge','<p>Avez-vous déjà tenté d\'inspecter un document HTML, pour dénicher des bugs ou examiner sa conception, alors même que sa structure change... à cause de JavaScript ?</p>\n\n<p>Prenons un cas concret : le champ de recherche avec autocomplétion de <a href=\"https://www.wikipedia.org/\">Wikipédia</a> qui affiche une liste déroulante de liens. Celle-ci apparaît lorsque du texte est entré, mais disparaît du document lorsqu\'on perd le focus (par exemple lorsqu\'on cherche à l\'inspecter avec la souris). Il ne s\'agit pas juste d\'un élément masqué mais bien retiré du DOM (Document Object Model). Embêtant pour aller analyser en direct son contenu, ses styles, etc.</p>\n\n<p><img src=\"https://www.alsacreations.com/xmedia/doc/original/1533800956-wikipedia-inspect.gif\" alt=\"Tentative d\'inspection DOM\" title=\"\" data-img_id=\"2836\"></p>\n\n<p>Chrome permet de mettre en pause l\'exécution de la page lorsqu\'un élément du DOM se voit modifié :</p>\n\n<ul>\n<li>Si l\'un de ses descendants est modifié/ajouté/supprimé</li>\n<li>Si ses attributs changent</li>\n<li>Si le noeud est supprimé</li>\n</ul>\n\n<p>Pour répondre à notre problématique initiale, il faut donc cibler un élément parent qui reste sur la page quoiqu\'il arrive et choisir <em>Break on</em> puis <em>subtree modifications</em>.</p>\n\n<p>Un <strong>breakpoint</strong> est ajouté, de telle sorte que lorsque \"sous-arbre\" DOM sera modifié, on pourra mettre en pause le fil d\'exécution et examiner cela.</p>\n\n<p><img src=\"https://www.alsacreations.com/xmedia/doc/original/1533800984-wikipedia-inspect-break.png\" alt=\"Break on subtree modifications\" title=\"\" data-img_id=\"2837\"></p>\n\n<p>Maintenant, toute action va provoquer un bloquage (<em>Paused in debugger</em>) et la vue de la page sera grisée. Durant ce temps, toute inspection du DOM est possible, en prenant son temps (l\'élément est figé et ne disparaît plus).</p>\n\n<p>Il est bien entendu possible de reprendre le fil, progressivement ou totalement, avec les boutons correspondants affichés à l\'écran. Toute autre modification du DOM provoquera un nouvel arrêt, donc tout va dépendre de la façon dont le script procède.</p>\n\n<p><img src=\"https://www.alsacreations.com/xmedia/doc/original/1533801031-wikipedia-inspect-paused.png\" alt=\"Inspection en pause\" title=\"\" data-img_id=\"2839\"></p>\n\n<p>Pour visualiser les <em>breakpoints</em> actifs, il faut se rendre dans le l\'onglet <em>DOM Breakpoints</em> pour pouvoir les désactiver, ré-activer ou s\'en débarasser définitivement.</p>\n\n<p><img src=\"https://www.alsacreations.com/xmedia/doc/original/1533801002-wikipedia-inspect-breakpoint.png\" alt=\"Inspect breakpoint\" title=\"\" data-img_id=\"2838\"></p>\n\n<p>Firefox ne dispose pas directement de la même fonctionnalité mais beaucoup de travail a été effectué du côté de JavaScript avec <a href=\"https://developer.mozilla.org/en-US/docs/Web/API/MutationObserver\">MutationObserver</a>. Il y a également l\'astuce moins pratique de mettre en pause le <em>debugger</em> après un temps mesuré, avec cette instruction entrée dans la console :</p>\n\n<pre><code class=\"language-javascript\">setTimeout(() =&gt; { debugger; }, 2000)\n</code></pre>\n\n<p>Vous avez 2 secondes pour déclencher les modifications sur le document avant que celui-ci ne se fige. L\'inspection d\'éléments est alors possible dans l\'onglet approprié, mais la visée à souris ne fonctionnera pas. Pour reprendre le fil et sortir de la pause, cliquez sur le bouton <em>Lecture</em> ou appuyez sur F8.</p>\n\n<p><img src=\"https://www.alsacreations.com/xmedia/doc/original/1534145975-wikipedia-inspect-firefox.png\" alt=\"Debugger Firefox\" title=\"\" data-img_id=\"2841\"></p>\n<p><b><a href=\"https://www.alsacreations.com/astuce/lire/1773-Inspecter-un-DOM-qui-bouge.html\">Publié par Alsacreations.com</a></b></p>','2018-08-13',NULL,'2018-10-02 17:01:14','2018-10-02 17:01:14','https://www.alsacreations.com/astuce/lire/1773-Inspecter-un-DOM-qui-bouge.html'),(136,5,'Les vidéos de la KiwiParty 2018 sont en ligne','<p>Depuis quelques jours, les vidéos des conférences de la KiwiParty sont disponibles en ligne, rassemblées dans <strong><a href=\"https://www.youtube.com/playlist?list=PL-U84vmvcJwUdcIOpIDXgNoVhNWLLpxRc\">la Playlist Alsacréations</a></strong>.</p>\n\n<p>L\'ensemble des 12 conférences de la journées y sont réunies et visionnables. Nous remercions encore chaleureusement <a href=\"https://blackblitz.fr/\">Blackblitz</a>pour avoir assuré ce streaming et ces enregistrements de qualité.</p>\n\n<p>N\'hésitez pas à consulter <a href=\"https://www.alsacreations.com/actu/lire/1769-Compte-rendu-de-la-KiwiParty-2018.html\">le compte-rendu complet</a> de l\'événement pour vous replonger dans cette journée de partage et d\'informations.</p>\n\n<p><img src=\"https://www.alsacreations.com/xmedia/doc/original/1533631047-youtube-kp2018.png\" alt=\"\" title=\"\" data-img_id=\"2835\"></p>\n<p><b><a href=\"https://www.alsacreations.com/actu/lire/1772-videos-kiwiparty-2018.html\">Publié par Alsacreations.com</a></b></p>','2018-08-07',NULL,'2018-10-02 17:01:14','2018-10-02 17:01:14','https://www.alsacreations.com/actu/lire/1772-videos-kiwiparty-2018.html'),(137,5,'CSS Grid Layout en production ?','<p>Flexbox et Grid Layout comptent parmi les spécifications qui ont le plus contribué à l\'évolution des styles CSS durant ces dernières années. \nVéritables bénédictions pour l\'intégrateur, ces deux approches ont littéralement révolutionné les modes de mise en page classiques et renvoyé les anciennes techniques bancales aux oubliettes.</p>\n\n<p>Les premières ébauches de spécifications Flexbox datent de 2009, tandis que le premier brouillon officiel de Grid Layout est apparu en 2012. Bien que tous deux supportés simultanément dès la sortie d\'Internet Explorer 10 en octobre 2012, l\'adoption de Grid Layout en est encore à ses balbutiements en raison... d\'Internet Explorer.</p>\n\n<p>Quelles sont les raisons de ces réticences, et surtout, comment utiliser Grid Layout en production dès aujourd\'hui ?</p>\n\n<h3>Une compatibilité acceptable...</h3>\n\n<p>À la mi-2018, les chiffres étaient déjà fort éloquents : 90% de support en France, et 88% dans le monde entier.\nLa grande majorité des navigateurs de bureau et mobiles reconnaissent cette spécification depuis plusieurs versions comme le montre l\'indispensable référence <a href=\"https://caniuse.com/#feat=css-grid\">Can I Use</a>.</p>\n\n<p>Seuls absents à ce jour : Opera Mini (0.14% d\'usage en France) et... Internet Explorer version 9 et inférieure (0.1% d\'usage en France).</p>\n\n<p>Sachez tout de même que des sites tels que Slate, Financial Times, Stripe,  Slack, Medium et Yandex emploient Grid Layout en production :  <a href=\"http://www.gridexamples.com/\">http://www.gridexamples.com/</a></p>\n\n<p><img src=\"https://www.alsacreations.com/xmedia/doc/original/1531384729-grid-support-2018.PNG\" alt=\"\" title=\"\" data-img_id=\"2829\"></p>\n\n<h3>Mais un support partiel d\'Internet Explorer</h3>\n\n<p>Microsoft Edge 16, sorti en septembre 2017, reconnaît la dernière version de la spécification Grid dans son intégralité.<br>\nPar contre,  les anciennes moutures d’Internet Explorer sont un peu plus à la traîne : IE10, IE11 et les premières éditions de Edge supportent officiellement Grid Layout mais se réfèrent à une antique version de la spécification qui est bien moins complète, et de nombreuses fonctionnalités y sont donc manquantes.</p>\n\n<h4>Une question de version</h4>\n\n<p>L\'implémentation de Grid par les différentes version d’Internet Explorer est simple et compliquée à la fois :</p>\n\n<ul>\n<li>IE9 et inférieur : pas de support</li>\n<li>IE10, IE11, Edge 12-15 : ancienne spécification (support partiel)</li>\n<li>Edge 16+ : nouvelle spécification</li>\n</ul>\n\n<p><em>Dans la suite de cet article, le terme \"Internet Explorer\" fait référence aux versions \"IE10, IE11, Edge 12-15\".</em></p>\n\n<p>Le support partiel d\'Internet Explorer s\'explique par le fait que la spécification Grid Layout a évolué plus rapidement que lui, et se manifeste principalement par :</p>\n\n<ul>\n<li>Des <strong>fonctionnalités manquantes</strong> (qui n\'existent tout simplement pas dans IE),</li>\n<li>Des <strong>fonctionnalités divergentes</strong> (qui s\'écrivent différemment ou opèrent autrement sur IE que les autres),</li>\n<li>Des <strong>bugs</strong> (eh ouais !).</li>\n</ul>\n\n<h4>Fonctionnalités manquantes</h4>\n\n<p>Parmi les lacunes principales de ces versions, on dénombre le manque de support des certaines fonctionnalités majeures détaillées ci-après.</p>\n\n<h5>Pas de placement automatique</h5>\n\n<p>Première particularité notable dans l\'intégration des grilles dans Internet Explorer : il n\'y a pas de notion de Placement Automatique des éléments sur IE : <strong>Il faut placer chaque élément individuellement et explicitement dans chaque cellule.</strong></p>\n\n<p>Il en découle, fort logiquement qu\'aucune des propriétés standards suivantes n\'est reconnue par IE :</p>\n\n<ul>\n<li><code>grid-auto-columns</code></li>\n<li><code>grid-auto-rows</code></li>\n<li><code>grid-auto-flow</code></li>\n<li><code>grid</code> (propriété raccourcie globale)</li>\n</ul>\n\n<h5>Pas de gouttières</h5>\n\n<p>Ne craignez rien pour votre maison, les seules gouttières dont vous serez privés sur Internet Explorer sont celles permettant d\'espacer les rangées et les colonnes de la grille.</p>\n\n<p>Les propriétés <code>grid-row-gap</code>, <code>grid-column-gap</code> et <code>grid-gap</code> (et leur équivalent plus récent <code>gap</code> tout court) prévues pour gérer aisément les gouttières dans Grid Layout sont totalement absentes du vocabulaire d\'IE et il ne s\'y passera rien du tout s\'il les croise au détour d\'une ligne de code.</p>\n\n<p>La seule manière de s\'en sortir est de prévoir une colonne (ou rangée) supplémentaire qui fera office de gouttière :</p>\n\n<pre><code class=\"language-css\">.container {\n  display: -ms-grid; /* version IE */\n  display: grid;\n  grid-gap:  1rem;\n  -ms-grid-columns:  1fr 1rem 1fr; /* version IE */\n  grid-template-columns:  1fr 1fr;\n} \n</code></pre>\n\n<h5>Pas de zones nommées</h5>\n\n<p>Grid Layout propose une méthode alternative de construction : les zones et lignes nommées.</p>\n\n<p>Les propriétés <code>grid-template-areas</code> et  <code>grid-area</code> permettent de créer des zones nommées et de s\'y placer... mais elles non plus ne sont pas supportées par Internet Explorer.</p>\n\n<p>Ce genre de syntaxe sera donc inopérant sur IE :</p>\n\n<pre><code class=\"language-css\">.container {\n  display: grid;\n  grid-template-areas: \"a b\" \n                       \"c d\";\n} \n.child {\n  grid-area: a;\n}\n</code></pre>\n\n<h5>Divers autres manquements</h5>\n\n<p>Pour finir, n\'oublions pas qu\'Internet Explorer ignore totalement :</p>\n\n<ul>\n<li>Les valeurs <code>auto-fit</code>  et  <code>auto-fill</code> très pratiques pour construire des grilles automatiques,</li>\n<li>Le mot-clé <code>dense</code> qui permet de remplir les cases laissées libres dans la grille.</li>\n</ul>\n\n<p><img src=\"https://www.alsacreations.com/xmedia/doc/original/1531385235-grid-gutter.PNG\" alt=\"\" title=\"\" data-img_id=\"2830\"></p>\n\n<h4>Des fonctionnalités divergentes</h4>\n\n<p>Depuis leur version de brouillon (adoptée à l\'époque par IE10 précipitamment), certaines propriétés ou valeurs ont muté... sans que Internet Explorer ne suive le wagon.</p>\n\n<h5>Des propriétés différentes... et préfixées</h5>\n\n<p>C\'est un jeu auquel nous aurions aimé nous passer : il faut deviner quelles propriétés sont préfixées pour Internet Explorer et, surtout, pressentir quel est leur petit nom sur ce navigateur car il risque d\'être différent du reste du monde.</p>\n\n<p>Voici la liste des propriétés de grille reconnues sur IE mais sous un nom différent des standards :</p>\n\n<table>\n<thead>\n<tr>\n  <th>propriété standard</th>\n  <th>équivalent IE</th>\n</tr>\n</thead>\n<tbody>\n<tr>\n  <td><code>display: grid</code></td>\n  <td><code>display: -ms-grid</code></td>\n</tr>\n<tr>\n  <td><code>grid-template-columns</code></td>\n  <td><code>-ms-grid-columns</code></td>\n</tr>\n<tr>\n  <td><code>grid-template-rows</code></td>\n  <td><code>-ms-grid-rows</code></td>\n</tr>\n<tr>\n  <td><code>grid-row-start</code></td>\n  <td><code>-ms-grid-row</code></td>\n</tr>\n<tr>\n  <td><code>grid-column-start</code></td>\n  <td><code>-ms-grid-column</code></td>\n</tr>\n<tr>\n  <td><code>grid-row-end</code></td>\n  <td><code>-ms-grid-row-span</code> (plus ou moins équivalent)</td>\n</tr>\n<tr>\n  <td><code>grid-column-end</code></td>\n  <td><code>-ms-grid-column-span</code> (plus ou moins équivalent)</td>\n</tr>\n<tr>\n  <td><code>align-self</code></td>\n  <td><code>-ms-grid-row-align</code></td>\n</tr>\n<tr>\n  <td><code>justify-self</code></td>\n  <td><code>-ms-grid-column-align</code></td>\n</tr>\n</tbody>\n</table>\n\n<p>Exemple de code CSS standard :</p>\n\n<pre><code class=\"language-css\">.container {\n  display: grid;\n  grid-template-rows:  20rem 100px 1fr;\n  grid-template-columns:  100px 1fr 10rem;\n} \n.child {\n  grid-column: 1 / 3;\n}\n</code></pre>\n\n<p>Équivalent sur Internet Explorer :</p>\n\n<pre><code class=\"language-css\">.container {\n  display: -ms-grid;\n  -ms-grid-rows:  20rem 100px 1fr;\n  -ms-grid-columns:  100px 1fr 10rem;\n} \n.child {\n  -ms-grid-column: 1;\n  -ms-grid-column-span: 2;\n}\n</code></pre>\n\n<p><em>Fort heureusement, l\'outil autoprefixer évoqué en détail plus loin gère très bien ces propriétés sans que vous ayez à vous en soucier.</em></p>\n\n<h5><em>repeat()</em></h5>\n\n<p>Dans les premières spécifications, la valeur-fonction <code>repeat()</code> est née sous une mouture totalement différente de ce que l\'on connaît actuellement. Internet Explorer est là pour nous rappeler ce temps jadis.</p>\n\n<table>\n<thead>\n<tr>\n  <th>valeur standard</th>\n  <th>équivalent IE</th>\n</tr>\n</thead>\n<tbody>\n<tr>\n  <td><code>repeat(10, 1fr 2rem)</code></td>\n  <td><code>(1fr 2em)[10]</code></td>\n</tr>\n</tbody>\n</table>\n\n<p>Il est donc parfaitement possible d\'appliquer cette valeur pour répéter des motifs de pistes, mais en faisant bien attention de respecter la syntaxe particulière d\'IE.</p>\n\n<h4>Des bugs</h4>\n\n<p>Ah ben forcément on ne pouvait pas y couper : Internet Explorer, tout comme les autres navigateurs, est parfois un peu buggué quand il s\'agit de CSS, et plus particulièrement lorsqu\'une spécification est récente.\nIl faut parfois attendre les mises à jour des navigateurs pour voir certains bugs se résorber ou disparaître.</p>\n\n<p>Pour vous aider à patienter, Rachel Andrew, papesse de Grid Layout, a concocté un espace collaboratif sur Github nommé <strong>\"Gridbugs\"</strong> et qui compile un ensemble de bugs (et solutions) fréquents concernant Grid Layout :  <a href=\"https://github.com/rachelandrew/gridbugs\">https://github.com/rachelandrew/gridbugs</a></p>\n\n<p>N\'hésitez pas une seconde à placer ce lien dans vos favoris.</p>\n\n<p><img src=\"https://www.alsacreations.com/xmedia/doc/original/1531385367-gridbugs.PNG\" alt=\"\" title=\"\" data-img_id=\"2832\"></p>\n\n<h3>Alors on fait quoi concrètement ?</h3>\n\n<p>Dans la pratique, nous disposons de trois solutions pour gérer les lacunes actuelles des navigateurs :</p>\n\n<ul>\n<li>notre cerveau,</li>\n<li>l\'outil PostCSS <strong>Autoprefixer</strong>,</li>\n<li>la règle CSS  <strong>@supports()</strong>.</li>\n</ul>\n\n<p>Je ne vais pas entrer dans le détail de la première option, mais plutôt m\'intéresser aux deux suivantes.</p>\n\n<h4>Autoprefixer</h4>\n\n<p><a href=\"https://autoprefixer.github.io/\">Autoprefixer</a>  est un (superbe) outil permettant d’ajouter tous les préfixes CSS à vos propriétés de manière automatisée et, surtout, uniquement pour les navigateurs le nécessitant encore.</p>\n\n<p><strong>Par défaut, Grid Layout n’est pas activé sur Autoprefixer</strong>. Il faut l’activer dans les options en passant <code>grid: false</code> à <code>grid: true</code>.</p>\n\n<p><img src=\"https://www.alsacreations.com/xmedia/doc/original/1531387085-gridtrue.PNG\" alt=\"\" title=\"\" data-img_id=\"2834\"></p>\n\n<p>Autre point important : la dernière version d\'Autoprefixer a fait d\'énormes progrès en matière de gestion des préfixes et fonctionnalités pour Internet Explorer (depuis la version version 8.6.4 précisément), il est dorénavant beaucoup plus fiable et vivement conseillé dans vos projets (pas que pour Grid Layout d\'ailleurs).</p>\n\n<p>Pour comprendre comment fonctionne le nouveau Autoprefixer dans les détails, je vous invite à consulter cette ressource anglophone très complète : <a href=\"https://css-tricks.com/css-grid-in-ie-css-grid-and-the-new-autoprefixer/\">https://css-tricks.com/css-grid-in-ie-css-grid-and-the-new-autoprefixer/</a></p>\n\n<h5>Ce qu\'apporte Autoprefixer ?</h5>\n\n<p>Comme son nom l\'indique, Autoprefixer ajoute automatiquement les préfixes (<code>-webkit-</code>, <code>-moz-</code>, <code>-ms-</code>, etc.) lorsque cela est nécessaire sur une propriété ou sur une valeur.</p>\n\n<p>Mais il va bien au-delà puisqu\'il est capable de convertir totalement des propriétés pour les rendre compatibles.</p>\n\n<p>Les propriétés suivantes, par exemple, n\'ont pas d\'équivalent dans Internet Explorer, mais elles sont reconnues grâce à Autoprefixer, qui les transforme en \"syntaxe IE-friendly\"  :</p>\n\n<ul>\n<li><code>grid-template-areas</code></li>\n<li><code>grid-template</code></li>\n<li><code>grid-row-end</code></li>\n<li><code>grid-column-end</code></li>\n<li><code>grid-row</code></li>\n<li><code>grid-column</code></li>\n<li><code>grid-area</code></li>\n<li><code>grid-row-gap</code></li>\n<li><code>grid-column-gap</code></li>\n<li><code>grid-gap</code></li>\n</ul>\n\n<p>Exemple de code standard :</p>\n\n<pre><code class=\"language-css\">.container {\n  display: grid;\n  grid-gap:  1em;\n  grid-template:  \"a b\"  minmax(100px, 1fr) \n                  \"c d\"  20em / 1fr 1fr;\n} \n.child {\n  grid-area: a;\n}\n</code></pre>\n\n<p>Converti grâce à Autoprefixer en :</p>\n\n<pre><code class=\"language-css\">.container {\n  display: -ms-grid;\n  display: grid;\n  grid-gap:  1em;\n  -ms-grid-rows:  minmax(100px, 1fr) 1em 20em;\n  -ms-grid-columns:  1fr 1em 1fr;\n  grid-template:  \"a b\"  minmax(100px, 1fr) \n                  \"c d\"  20em / 1fr 1fr;\n}\n.child {\n  -ms-grid-row:  1;\n  -ms-grid-column:  1;\n  grid-area: a;\n}\n</code></pre>\n\n<p>Et hop, emballé c\'est pesé ! Il devient bien plus simple de gérer le cas Internet Explorer grâce à ce genre d\'outil.</p>\n\n<p>Notez que grâce à Autoprefixer, rien de nous empêche désormais d\'employer la méthode de placement via zones nommées (areas).</p>\n\n<p><img src=\"https://www.alsacreations.com/xmedia/doc/original/1531385477-autoprefixer-logo.png\" alt=\"\" title=\"\" data-img_id=\"2833\"></p>\n\n<h4>@supports ()</h4>\n\n<p>La règle  <em><a href=\"https://www.alsacreations.com/article/lire/1617-detecter-support-fonctionnalites-avec-supports.html\">@supports</a></em>, également nommée “règle conditionnelle”, permet de détecter la reconnaissance de certaines propriétés CSS au sein du navigateur.</p>\n\n<p>Introduite au sein des spécifications dans le module des CSS conditionnelles, au même titre que les Media Queries, la règle  <code>@supports</code>  se rapproche de ce que peut nous offrir un outil tel que Modernizr, à savoir détecter le support ou non d’une fonctionnalité CSS chez votre visiteur afin de prévoir une alternative au besoin.</p>\n\n<ul>\n<li><code>@supports</code> est reconnue depuis à partir de Microsoft Edge, il est donc totalement ignoré par IE11 et inférieurs.</li>\n<li>le test <code>(display: grid)</code> n\'est reconnu qu\'à partir de Edge 16</li>\n</ul>\n\n<pre><code class=\"language-css\">@supports (display: grid) {\n  /* will return true for any browser supporting the spec, Edge included */\n}\n</code></pre>\n\n<p>Cette syntaxe de  <code>@supports</code>  nous permet de ne conserver que les navigateurs vraiment totalement compatibles avec les versions stables de Grid Layout, en excluant IE10, IE11 et Edge 15 qui ne reconnaissent que la version préfixée.</p>\n\n<h3>Quelles sont mes options ?</h3>\n\n<p>Pour finir, voyons quelles sont les options à ma disposition en regard de mes contraintes de compatibilité navigateurs.</p>\n\n<h4>Je suis libre ! (Edge minimum)</h4>\n\n<ol>\n<li>on applique Grid Layout pour les navigateurs modernes uniquement (Edge+) via <code>@supports</code></li>\n<li>pas besoin d\'Autoprefixer</li>\n</ol>\n\n<h4>Je dois absolument tenir compte d\'IE10 et IE11</h4>\n\n<ol>\n<li>on applique Grid Layout pour tous les navigateurs</li>\n<li>on active Autoprefixer pour pallier les lacunes d\'IE</li>\n<li>on emploie des propriétés et des fonctionnalités capables d\'être prises en compte par Autoprefixer et on fait attention où l\'on met les doigts pour ne pas se faire pincer très fort.</li>\n</ol>\n\n<h4>Je dois absolument tenir compte d\'IE9 (OMG!)</h4>\n\n<ol>\n<li>il va falloir prévoir une alternative en positionnements ancestraux (<code>float</code> / <code>inline-block</code>). Courage !</li>\n<li>on applique Grid Layout pour les navigateurs modernes uniquement (Edge) via la règle <code>@support</code></li>\n<li>pas besoin d\'Autoprefixer mais on doit faire le double du boulot (deux versions de positionnements à maintenir)</li>\n</ol>\n\n<p><img src=\"https://www.alsacreations.com/xmedia/doc/original/1531385257-tetris.jpg\" alt=\"\" title=\"\" data-img_id=\"2831\"></p>\n\n<h3>Conclusion</h3>\n\n<p>Rien de tel qu\'un petit exemple concret pour illustrer l\'ensemble de cet article et conclure en beauté.</p>\n\n<p>L\'objectif à atteindre est de concevoir un gabarit de 3 éléments de largeur identique (1/3 de l\'espace disponible) et séparés par une gouttière de 1em.</p>\n\n<pre><code class=\"language-css\">.container {\n  display: flex;  /* 1 */\n  justify-content: space-between;  /* 2 */\n}\n\n.container &gt;  * {\n  flex-basis: calc(100%  /  3  - (1em  *  2  /  3));  /* 3 + 4 */\n}\n\n@supports (display: grid) { /* 5 */\n  .container {\n    display: grid;\n    grid-template-columns: repeat(3, 1fr);\n    grid-gap: 1em;\n  }\n}\n\n/* \nExplications :\n1- l\'alternative est ici Flexbox (prévoir Autoprefixer pour les navigateurs nécessiteux)\n2- on prévoit une \"gouttière\" de 1em\n3- on calcule la taille des 3 enfants par rapport à la gouttière\n4- on préfère flex-basis à width pour éviter de devoir écraser width dans Grid Layout \n5- seuls les navigateurs modernes (Edge) se reconnaîtront ici\n*/\n</code></pre>\n<p><b><a href=\"https://www.alsacreations.com/tuto/lire/1771-css-grid-layout-en-production.html\">Retrouvez l\'intégralité de ce tutoriel en ligne sur Alsacreations.com</a></b></p>','2018-07-12',NULL,'2018-10-02 17:01:14','2018-10-02 17:01:14','https://www.alsacreations.com/tuto/lire/1771-css-grid-layout-en-production.html'),(138,5,'Activez starttls pour sécuriser votre serveur e-mail','<p>L\'initiative toute fraîche de l\'<a href=\"https://www.eff.org/\">Electronic Frontier Foundation</a> baptisée <a href=\"https://www.starttls-everywhere.org/\">STARTTLS EveryWhere</a> est dans la lignée du mouvement lancé avec <a href=\"https://letsencrypt.org/\">Let\'s Encrypt</a>, permettant à tout un chacun de disposer de certificats SSL/TLS gratuits, et donc d\'activer le fameux protocole HTTPS sur un site web. Le web n\'est pas le seul concerné. L\'e-mail aussi.</p>\n\n<p><img src=\"https://www.alsacreations.com/xmedia/doc/full/1530127977-starttls-everywhere.png\" alt=\"STARTTLS everywhere\" title=\"\" data-img_id=\"2827\"></p>\n\n<p>Si vous utilisez des services tiers tels que Yahoo, Gmail, tout est déjà pris en charge. Si vous disposez de votre propre serveur mail dédié pour tout ce qui est envoi (SMTP) ou boîte de réception (POP3, IMAP) ce n\'est peut être pas encore le cas. C\'est l\'occasion de s\'y intéresser. Pour sécuriser, fiabiliser vos échanges, vérifier l\'identité du serveur et ne plus avoir à accepter de certificat auto-signé.</p>\n\n<p><strong>STARTTLS</strong> est le protocole permettant d\'<i>améliorer</i> une connexion classique vers une sécurisée en utilisant TLS (Transport Layer Security). Vous connaissez déjà certainement le terme SSL (Secure Sockets Layer) qui a été développé par Netscape. C\'est une longue histoire, mais l\'<a href=\"https://www.ietf.org/\">IETF</a> (Internet Engineering Task Force) a pris SSL 3 en main et l\'a \"renommé\" TLS. Actuellement nous en sommes à la version 1.3 approuvée en mars 2018. Elle abandonne de vieux protocoles de chiffrement trop faibles tels que MD5, RC4, etc.</p>\n\n<p>Vous pouvez utiliser l\'outil de test de <a href=\"https://www.starttls-everywhere.org/\">STARTTLS EveryWhere</a> pour savoir si</p>\n\n<ul>\n<li>votre serveur supporte STARTTLS</li>\n<li>utilise une version sécurisée</li>\n<li>utilise un certificat valide</li>\n</ul>\n\n<p>C\'est le dernier point qui nous intéresse ici, avec comme exemple les serveurs Postfix pour SMTP et Dovecot pour POP3/IMAP. En ce qui concerne l\'activation pure de STARTTLS dans la configuration et l\'obtention d\'un certificat, vous trouverez de la documentation à foison sur le web.</p>\n\n<p>Ceci suppose bien entendu d\'avoir un accès super-admin (root) sur la machine. Avant toute chose, <strong>sauvegardez votre configuration avant d\'y toucher</strong>. Au besoin, commentez les lignes de configuration pour pouvoir immédiatement y revenir ensuite.</p>\n\n<h3>Obtenir un certificat</h3>\n\n<p>L\'idéal est de se servir de <a href=\"https://certbot.eff.org/\">certbot</a> pour gérer l\'acquisition automatique du certificat à partir du serveur, sa validation et surtout son renouvellement. Les fichiers délivrés par Let\'s Encrypt ne sont valables que 3 mois contrairement à un certificat payant qui peut durer une à plusieurs années.</p>\n\n<p><img src=\"https://www.alsacreations.com/xmedia/doc/full/1530128893-certbot.png\" alt=\"Certbot\" title=\"\" data-img_id=\"2828\"></p>\n\n<p>Vous pouvez parfaitement utiliser un certificat déjà délivré et renouvelé pour votre site web en HTTPS (serveur Apache, etc). Jetez un oeil dans les répertoires mentionnés ci-dessous pour savoir si vous disposez déjà du nécessaire en fichiers <em>pem</em> à jour.</p>\n\n<p>Le nom utilisé pour communiquer avec votre serveur est très important (FQDN : Fully Qualified Domain Name). Si vous utilisez un alias ou un nom erroné, le certificat pourra être considéré comme invalide car le nom du serveur ne correspondra pas à la connexion réelle.</p>\n\n<p>Sur certaines distributions Linux on peut installer certbot avec un paquet, par exemple sous Ubuntu en passant par un <em>repository</em> PPA (Personal Package Archive).</p>\n\n<pre><code class=\"language-sh\">sudo add-apt-repository ppa:certbot/certbot\nsudo apt-get update\nsudo apt-get install certbot\n</code></pre>\n\n<p>Certbot doit pouvoir communiquer avec l\'extérieur pour l\'obtention du certificat, vous devez laisser passer les ports 80 et 443 si vous avez un firewall.</p>\n\n<p>Une ligne de commande permettant d\'obtenir un nouveau certificat ressemble à ceci, en présumant que le nom de domaine du serveur est mail.example.org :</p>\n\n<pre><code class=\"language-sh\">sudo certbot certonly --standalone -d mail.example.org\n</code></pre>\n\n<p>Une ligne de commande permettant le renouvellement ressemble à ceci :</p>\n\n<pre><code class=\"language-sh\">sudo certbot renew\n</code></pre>\n\n<p>Des fichiers sont alors générés dans le répertoire <code>/etc/letsencrypt/live</code> suivi du nom du domaine. Vous pouvez y jeter un coup d\'oeil avec <code>sudo ls /etc/letsencrypt/live/mail.example.org</code>. Plusieurs fichiers de clés devraient s\'y trouver (cert.pem, chain.pem, fullchain.pem, privkey.pem)... ou comme disait Beethoven : pem pem pem pem.</p>\n\n<ul>\n<li>Le fichier <code>privkey.pem</code> sera utile, c\'est la clé privée.</li>\n<li>Le fichier <code>fullchain.pem</code> sera également utile, contenant le certificat associé à d\'autres certificats intermédiaires.</li>\n</ul>\n\n<p>Si certbot est bien installé, il devrait avoir ajouté un fichier dans <code>/etc/cron.d</code> pour le renouvellement périodique et automatique de ces fichiers (au moins tous les 3 mois) avec crontab, et une configuration pour chaque domaine dans <code>/etc/letsencrypt/renewal/</code>. La <a href=\"https://certbot.eff.org/docs/using.html?highlight=cron#automated-renewals\">documentation de certbot sur le renouvellement automatique</a> vous donnera tous les détails.</p>\n\n<h3>Configurer Postfix</h3>\n\n<p>Le serveur SMTP le plus courant est Postfix. Si votre serveur l\'utilise, sa configuration est stockée dans <code>/etc/postfix/main.cf</code>. Editez ce fichier avec votre éditeur de code favori, par exemple <code>vi</code> ou <code>nano</code>.</p>\n\n<p>Il faudra indiquer aux clés correspondantes les chemins complets vers les fichiers <em>pem</em>. Pensez à conserver les informations en commentaire pour les rétablir plus tard en cas de nécessité.</p>\n\n<pre><code># smtpd_tls_cert_file = /etc/postfix/smtpd.cert\n# smtpd_tls_key_file = /etc/postfix/smtpd.key\nsmtpd_tls_cert_file = /etc/letsencrypt/live/mail.example.org/fullchain.pem\nsmtpd_tls_key_file = /etc/letsencrypt/live/mail.example.org/privkey.pem\nsmtpd_use_tls = yes\n</code></pre>\n\n<p>Il faudra redémarrer le service pour prendre en compte les changements. Par exemple sous Ubuntu/Debian :</p>\n\n<pre><code class=\"language-sh\">service postfix restart\n</code></pre>\n\n<h3>Configurer Dovecot</h3>\n\n<p>De la même façon, le serveur Dovecot est l\'un des plus courants pour tout ce qui touche à POP3 et IMAP. Sa configuration se trouve dans <code>/etc/dovecot/conf.d/</code> et plus précisément le fichier <code>/etc/dovecot/conf.d/10-ssl.conf</code> pour tout ce qui touche à SSL/TLS.</p>\n\n<p>Là aussi on indique les bons chemins.</p>\n\n<pre><code>ssl_cert = /etc/letsencrypt/live/mail.example.org/fullchain.pem\nssl_key = /etc/letsencrypt/live/mail.example.org/privkey.pem\n</code></pre>\n\n<p>N\'oubliez pas de redémarrer le service :</p>\n\n<pre><code class=\"language-sh\">service dovecot restart\n</code></pre>\n\n<h3>Testez !</h3>\n\n<p><img src=\"https://www.alsacreations.com/xmedia/doc/large/letsencrypt.png\" alt=\"let\'s encrypt\" title=\"\" data-img_id=\"2611\"></p>\n\n<p>Testez avec votre client mail (pourquoi pas Thunderbird) la réception et l\'envoi. Si cela ne fonctionne pas immédiatement, vous pouvez revenir à l\'état précédent avec la configuration que vous aurez sauvegardée.</p>\n\n<p>Un autre outil pratique est <a href=\"https://mxtoolbox.com/SuperTool.aspx\">MXToolbox Supertool</a> pour vérifier la bonne configuration externe de votre SMTP.</p>\n<p><b><a href=\"https://www.alsacreations.com/tuto/lire/1770-Activez-starttls-pour-securiser-votre-serveur-e-mail.html\">Retrouvez l\'intégralité de ce tutoriel en ligne sur Alsacreations.com</a></b></p>','2018-06-28',NULL,'2018-10-02 17:01:14','2018-10-02 17:01:14','https://www.alsacreations.com/tuto/lire/1770-Activez-starttls-pour-securiser-votre-serveur-e-mail.html'),(139,5,'Compte-rendu de la KiwiParty 2018','<p>Liens rapides : <br><a href=\"#kp2018slides\" alt=\"Ancre vers les slides des conférences\">Slides des conférences</a> <br><a href=\"#kp2018streaming\" alt=\"Ancre vers le streaming et les vidéos\">Streaming</a> <br><a href=\"#kp2018hashtags\" alt=\"Ancre vers les hashtags des réseaux sociaux\">#KiwiParty (tweets et photos)</a> <br><a href=\"#kp2018sponsors\" alt=\"Ancre vers nos généreux sponsors\">Sponsors</a> <br><a href=\"#kp2018chiffres\" alt=\"Ancre vers les chiffres clés\">Chiffres clés</a></p><h3>La KiwiParty, la conférence web strasbourgeoise de 2018</h3>À 18h30, peu après la fin du quïz sur le thème des <strong>nouvelles technologies</strong> et des références un peu geek, la <strong>KiwiParty 2018</strong> ferme ses portes. La foule quitte les lieux, portée par la fatigue et la bonne humeur, tandis que les kiwis du staff préparent l\'arrivée d\'une centaine d\'entre eux pour l\'::after, au <a alt=\"bar le grognon à Strasbourg\" href=\"https://fr-fr.facebook.com/lecafegrognon/\" target=\"_blank\">bar du Grognon</a>. <div class=\"\"><p>Retour sur une journée de conférences web ponctuée de petites surprises et d\'une grosse dose de passion !</p><p><img src=\"https://www.alsacreations.com/xmedia/doc/original/1529584018-41124334300-bbe0e37e63-z.jpg\" alt=\"l\'amphi de la KiwiParty\" data-img_id=\"2824\"><br></p><h3 class=\"\">Des conférences portant sur le web et ses nouvelles technologies</h3>Comme toujours depuis ces neuf dernières éditions, la KiwiParty est un événement se déroulant à <strong>Strasbourg</strong> et offrant au public une dizaine de <strong>conférences sur le thème du web</strong>. Elle était cette année co-organisée par l\'<a alt=\"Agence web Strasbourg Alsacréations\" href=\"http://www.alsacreations.fr\" target=\"_blank\">agence Alsacréations</a> ainsi que le <a alt=\"association webdesigner et frond-end dev WDSTR à Strasbourg\" href=\"http://wdstr.fr/\" target=\"_blank\">collectif WdStr</a>. </div><div class=\"\"><p>UX, référencement, développement, emailing, web éthique ou encore culture agile, de nombreuses tendances web ont été explorées par nos conférenciers. Parfois plus techniques, parfois plus théoriques, la complémentarité de ces interventions a permis de regrouper les <strong>passionnés du web</strong> et de s\'enrichir chacun de l\'autre. </p><p>Puisque rien n\'aurait été possible sans nos orateurs, voici la liste des intervenants et leurs conférences, dont les slides sont (re)visionnables aux liens sous-cités (merci à Baptiste de Weblife pour les avoir toutes regroupées <a alt=\"Blog Weblife des nouvelles technologies\" href=\"https://www.weblife.fr/evenements/kiwiparty-2018\" target=\"_blank\">sur son blog</a> ;) ) :</p><ul id=\"kp2018slides\"><li><a href=\"https://www.6x8.org/2018/06/manifeste-pour-un-web-ethique/\" target=\"_blank\"><span style=\"font-size: 1.6rem;\">Manifeste pour un Web éthique</span></a><span style=\"font-size: 1.6rem;\"></span><span style=\"font-size: 1.6rem;\"> - </span><a href=\"https://www.6x8.org/\" target=\"_blank\"><span style=\"font-size: 1.6rem;\">Arnaud Malon</span></a></li><li><a href=\"https://andlearn.live/2018/06/kiwi-party.html\" target=\"_blank\"><span style=\"font-size: 1.6rem;\">Embarquement Agile : Comment transmettre sa culture à une nouvelle personne en 5 semaines ?</span></a><span style=\"font-size: 1.6rem;\"> - </span><a href=\"https://marmelab.com/\" target=\"_blank\"><span style=\"font-size: 1.6rem;\">Florian Ferbach</span></a></li><li><a href=\"http://essential-dev-skills.com/mjml-kiwi/#/\" target=\"_blank\"><span style=\"font-size: 1.6rem;\">MJML, le nouveau standard pour écrire nos emails ?</span></a><span style=\"font-size: 1.6rem;\"> - </span><a href=\"https://essential-dev-skills.com/\" target=\"_blank\"><span style=\"font-size: 1.6rem;\">Thomas Deneulin</span></a></li><li><a href=\"https://jonathangiamp.github.io/css3-presentation-kiwiparty2018/#/\" target=\"_blank\"><span style=\"font-size: 1.6rem;\">CSS3+, une plongée dans le futur</span></a><span style=\"font-size: 1.6rem;\"> – </span><a href=\"https://twitter.com/JonGiamp\" target=\"_blank\"><span style=\"font-size: 1.6rem;\">Jonathan Giamporcaro</span></a></li><li><a href=\"https://blocnotes.iergo.fr/articles/kiwiparty-et-slow-ux/\" target=\"_blank\"><span style=\"font-size: 1.6rem;\">Slow UX, De l\'art de la lenteur dans les processus de conception centrés sur l\'usage</span></a><span style=\"font-size: 1.6rem;\"> – </span><a alt=\"\" style=\"font-size: 1.6rem;\" href=\"https://blocnotes.iergo.fr/\" target=\"_blank\">Raphaël Yharrassarry</a></li><li><span style=\"font-size: 1.6rem;\"><a href=\"https://slides.inseo.fr/18kwp-offline-service-worker.html\">Gérer le mode hors-ligne grâce aux services workers</a></span><span style=\"font-size: 1.6rem;\"> – </span><a href=\"https://twitter.com/schillinger\" target=\"_blank\"><span style=\"font-size: 1.6rem;\">Corinne Schillinger</span></a></li><li><a href=\"https://speakerdeck.com/slig36/arretez-de-nous-demander-combien-coute-une-ligne-de-code\" target=\"_blank\"><span style=\"font-size: 1.6rem;\">Arrêtez de nous demander combien coûte une ligne de code !</span></a><span style=\"font-size: 1.6rem;\"> - </span><a href=\"http://www.aurelie-guillaume.fr/\" target=\"_blank\"><span style=\"font-size: 1.6rem;\">Aurélie Guillaume</span></a></li><li><a href=\"http://jonathanlevaillant.fr/2018/kiwiparty.pdf\" target=\"_blank\"><span style=\"font-size: 1.6rem;\">Préprocesseurs vs CSS natif : Le match !</span></a><span style=\"font-size: 1.6rem;\"> - </span><a href=\"http://jonathanlevaillant.fr/\" target=\"_blank\"><span style=\"font-size: 1.6rem;\">Jonathan Levaillant</span></a></li><li><a href=\"https://talks.m4dz.net/privacy-by-design/?format=short&amp;wide=true#1\" target=\"_blank\"><span style=\"font-size: 1.6rem;\">Privacy by design</span></a><span style=\"font-size: 1.6rem;\"> – </span><a alt=\"\" style=\"font-size: 1.6rem;\" href=\"https://m4dz.net/\" target=\"_blank\">m4dz</a></li><li><a href=\"https://www.slideshare.net/DanBernier3/kiwiparty-2018-lindex-mobile-first-de-google-par-dan-bernier-ineolab\" target=\"_blank\"><span style=\"font-size: 1.6rem;\">L\'Index Mobile First de Google : Révolution ou encore une prise de tête pour les concepteurs de sites web ?</span></a><span style=\"font-size: 1.6rem;\"> - </span><a alt=\"\" style=\"font-size: 1.6rem;\" href=\"https://www.ineolab.fr/\" target=\"_blank\">Dan Bernier</a></li><li><a href=\"http://kiwi.gg/partycloud\" target=\"_blank\"><span style=\"font-size: 1.6rem;\">Le Cloud pour les petits</span></a><span style=\"font-size: 1.6rem;\"> – </span><a href=\"https://www.blup.fr/\" target=\"_blank\"><span style=\"font-size: 1.6rem;\">Rodolphe Rimelé</span></a></li><li><span style=\"font-size: 1.6rem;\"></span><a href=\"http://www.impact-positif.fr/assets/kiwiparty-prestas-ux.pdf\" target=\"_blank\"><span style=\"font-size: 1.6rem;\">Arrêtez de vendre des prestas d\'UX dans vos projets web !</span><span style=\"font-size: 1.6rem;\"> </span></a><span style=\"font-size: 1.6rem;\">- </span><a href=\"http://www.impact-positif.fr/\" target=\"_blank\"><span style=\"font-size: 1.6rem;\">Pierre Fritsch</span></a></li></ul><p>Le programme complet des conférences est également consultable sur le site de la KiwiParty 2018. Le <strong id=\"kp2018streaming\">streaming</strong> a été généreusement réalisé par l\'<a href=\"https://blackblitz.fr/\" target=\"_blank\">agence Blackblitz</a> et est visionnable sur notre <a href=\"https://www.youtube.com/playlist?list=PL-U84vmvcJwUdcIOpIDXgNoVhNWLLpxRc\"><b>chaîne youtube Alsacréations</b></a>&nbsp;!<br></p><p><img src=\"https://www.alsacreations.com/xmedia/doc/original/1529584050-41124336860-33d45b36db-z.jpg\" alt=\"La pause goutay à la KiwiParty\" data-img_id=\"2825\"><br></p><h3 class=\"\">Des rencontres web et humaines à la KiwiParty</h3>La KiwiParty, ce ne sont pas que des conférences : ce sont aussi nos pauses café et notre goutaÿ qui ont permis des rencontres et des échanges entre amoureu·ses·x du web, pour un <strong>networking</strong> aux notes sucrées et vegan friendly !</div><div><p>Si le petit déjeuner avait été confectionné par les petites mains d\'<strong>Alsacréations</strong> et du <strong>WdStr</strong>, le goutaÿ a lui été préparé par « <a alt=\"Facebook de la traiteuse Au plaisir des mets\" href=\"https://www.facebook.com/lesplaisirsdesmets/\" target=\"_blank\">Au plaisir des mets</a> », et les foodtrucks « <a alt=\"Foodtruck Locadevore\" href=\"https://www.locadevore.com/\" target=\"_blank\">Locadevore</a> » et « <a alt=\"Foodtruck À mi-chemin\" href=\"https://fr-fr.facebook.com/amicheminft/\" target=\"_blank\">À mi-chemin</a> » étaient présents pour vous régaler le midi.</p><p>Notre très distingué ::after, tradition de la KiwiParty, a également rassemblé près d\'une centaine de participants à la fin de la journée de conférences pour se rafraîchir le gosier et tenter sa chance au <strong>BlindTest spécial technologies</strong>. Certaines de vos réponses nous auront d\'ailleurs bien fait rigoler ;)</p><p>Pour retrouver l\'ambiance chaleureuse de la KiwiParty, vous pouvez checker le hashtag <a alt=\"Résultats de recherche du hashtag kiwiparty\" id=\"kp2018hashtags\" href=\"https://twitter.com/search?f=tweets&amp;vertical=default&amp;q=kiwiparty%20since%3A2018-04-01%20until%3A2018-06-20&amp;src=typd\" target=\"_blank\"><strong>#kiwiparty</strong> sur twitter</a> consulter le <a alt=\"Hashtag Kiwiparty sur flickr\" href=\"https://www.flickr.com/photos/alsacreations/albums/72157692428904450\" target=\"_blank\">flickr officiel</a>.</p><h3 id=\"kp2018sponsors\">Les sponsors de la KiwiParty ? C\'est les meilleurs !</h3>Nous tenons à remercier particulièrement nos sponsors qui ont rendu possible cette <strong>KiwiParty</strong>, grâce à leur implication et leurs dons en goodies sur leurs stands ou pour les différents jeux organisés tout au long de la journée.<p><img src=\"https://www.alsacreations.com/xmedia/doc/original/1529498190-kiwiparty-sponsors-2018.png\" alt=\"Les sponsors de la KiwiParty 2018\" data-img_id=\"2823\"></p><h4>Goldmember :</h4><p><a href=\"https://blackblitz.fr/\" target=\"_blank\">Blackblitz</a><br><a href=\"https://www.advisa.fr/\" target=\"_blank\">Advisa</a><br><a href=\"https://www.actency.fr/\" target=\"_blank\">Actency</a></p><h4>Ninja :</h4><p><a href=\"https://www.sfeir.com/\" target=\"_blank\">Sfeir</a><br><a href=\"https://fr.wikomobile.com/\" target=\"_blank\">Wiko</a></p><h4>Kiwi :</h4><p><a href=\"https://www.studiometa.fr/\" target=\"_blank\">Studio Meta</a><br><a href=\"https://www.ineolab.fr/\" target=\"_blank\">Inéolab</a><br><a href=\"https://jolicode.com/\" target=\"_blank\">Jolicode</a><br><a href=\"http://www.agenceapollo.fr/\" target=\"_blank\">Apollo</a></p><h4>Padawan : <br></h4><p><a href=\"https://www.dareboost.com/fr/home\" target=\"_blank\">Dareboost</a><br><a href=\"https://www.eyrolles.com/\" target=\"_blank\">Eyrolles</a><br></p><p>Un grand MERCI aux participant·e·s, aux conférencier·e·s, aux sponsors et à tous ceux qui nous ont suivis sur les réseaux et sociaux et sur le live streaming. On se dit à l\'année prochaine ;)</p><h3 id=\"kp2018chiffres\">Quelques chiffres clés<br></h3>Cette édition a rassemblé 217 participant·e·s, soit +20% par rapport à l\'an passé, dont 75 personnes restées à l\'::after.<br><p>L\'<a href=\"https://www.alsacreations.com/actu/lire/1768-KiwiParty-2018-c-est-reparti-mon-kiwi.html\" target=\"_blank\">article Alsacréations de présentation de l\'événement</a> en est à 4318 lectures actuellement.<br>Le <a href=\"https://www.youtube.com/watch?v=SAx_E-QrNog\" target=\"_blank\">streaming YouTube</a> a été - à ce jour - suivi par près de 800 personnes dont des pointes à 110 connectés simultanés.<br>Les photos publiques sont/seront visibles sur les réseaux (Flickr, 500px, Instagram) avec les tags #kiwiparty et #KiwiParty2018.<br>Les tweets concernant l\'événement sont consultables <a href=\"https://twitter.com/search?q=%23kiwiparty\" target=\"_blank\">sur twitter.</a><br></p></div><p><b><a href=\"https://www.alsacreations.com/actu/lire/1769-Compte-rendu-de-la-KiwiParty-2018.html\">Publié par Alsacreations.com</a></b></p>','2018-06-20',NULL,'2018-10-02 17:01:14','2018-10-02 17:01:14','https://www.alsacreations.com/actu/lire/1769-Compte-rendu-de-la-KiwiParty-2018.html'),(140,5,'KiwiParty 2018 : c\'est reparti mon Kiwi !','<p>KiwiParty 2018 : c\'est reparti mon Kiwi !</p>\n\n<p>La <strong>KiwiParty</strong> est de retour en 2018. \nDorénavant co-organisée avec le soutien de l’association <a href=\"http://wdstr.fr/\">WdStr - Webdesign Strasbourg</a>, son esprit reste inchangé&nbsp;: une journée de conférences web mais aussi un lieu de contacts et\nde partage.</p>\n\n<h3>Quoi ?</h3>\n\n<p>La <a href=\"http://2018.kiwiparty.fr/\">KiwiParty</a> est articulée autour de présentations de qualité, exposées par des orateurs experts dans leur domaine, tout en demeurant un lieu privilégié pour échanger dans une ambiance détendue.</p>\n\n<p>Les thèmes abordés lors des conférences sont variés :</p>\n\n<ul>\n<li>Les langages du Web, notamment HTML5, CSS3 et JavaScript.</li>\n<li>Le Web mobile et le Responsive Web Design.</li>\n<li>L’ergonomie et l’expérience utilisateur•trice.</li>\n<li>L’accessibilité numérique, les standards, les bonnes pratiques.</li>\n<li>Les navigateurs et plate-formes.</li>\n</ul>\n\n<h3>Où, quand, combien ?</h3>\n\n<p>Sans plus tarder, voici les principales informations pratiques concernant cet événement :</p>\n\n<ul>\n<li>Date : vendredi 15 juin 2018 \n(notez que la grève SNCF est prévue le mercredi et le dimanche, nous esquivons donc ces jours)</li>\n<li>Lieu : Strasbourg, plus exactement au <a href=\"http://www.telecom-physique.fr/\">TPS</a> à Illkirch-Graffenstaden</li>\n<li>Prix : gratuit (o/)</li>\n<li>Horaires : entre 8h30 et 18h00</li>\n<li>Nombre de personnes prévues&nbsp;: 250 participants + 50 (orateurs/staff/sponsors), soit un total de 300 personnes dont peut-être vous&nbsp;?!</li>\n</ul>\n\n<h3>Comment ?</h3>\n\n<p><em>Je suis tout·e excité·e : comment donc puis-je procéder pour m\'inscrire et participer à cet événement passionnant&nbsp;?</em></p>\n\n<p>C\'est une excellente question. Imaginez un instant la possibilité que nous ouvrions les inscriptions très prochainement, par exemple aujourd\'hui. OMG, oui c\'est ça&nbsp;: <strong>la première vague d\'inscription aura lieu à partir du mardi 15 mai 2018 à 15h</strong>&nbsp;!</p>\n\n<p style=\"text-align:center\"><b><a href=\"http://2018.kiwiparty.fr\">Inscriptions en ligne sur kiwiparty.fr</a></b></p>\n\n<h3>Qui ?</h3>\n\n<p>Nous pouvons mêmes d\'ores et déjà vous annoncer les oratrices et orateurs sélectionnés pour cette journée&nbsp;:</p>\n\n<ul>\n<li>Arnaud Malon : Manifeste pour un Web éthique</li>\n<li>Jonathan Giamporcaro : CSS3+, une plongée dans le futur</li>\n<li>Raphaël Yharrassarry : Slow UX, De l’art de la lenteur dans les processus de conception centrés sur l\'usage.</li>\n<li>Corinne Schillinger : Gérer le mode hors-ligne grâce aux service workers.</li>\n<li>Jonathan Levaillant : Préprocesseurs vs CSS natif : Le match !</li>\n<li>Dan Bernier : L\'Index Mobile First de Google : Révolution ou encore une prise de tête pour les concepteurs de sites web ?</li>\n<li>Thomas Deneulin : MJML, le nouveau standard pour écrire nos emails ?</li>\n<li>Pierre Fritsch : Arrêtez de vendre des prestas d\'UX dans vos projets web !</li>\n<li>Florian Ferbach : Embarquement Agile : Comment transmettre sa culture à une nouvelle personne en 5 semaines ?</li>\n<li>Aurélie Guillaume : Arrêtez de nous demander combien coûte une ligne de code !</li>\n<li>Rodolphe Rimelé : Le Cloud pour les \"petits\"</li>\n</ul>\n\n<p>Soit une belle variété de sujets retenus, couvrant une majorité des domaines du web.</p>\n\n<h3>C\'est grâce à qui (oui) ?</h3>\n\n<p>Si nous avons pu réitérer cet événement strasbourgeois et le conserver gratuit, c\'est grâce à la participation active des très généreux donateurs que voici&nbsp;:</p>\n\n<h4 class=\"center\">L’Alliance</h4>\n\n<h4 class=\"center\">\n<a href=\"https://www.sfeir.com/\">SFEIR</a>\n</h4>\n\n<p><img src=\"https://www.alsacreations.com/xmedia/doc/original/1526313663-sfeir.png\" alt=\"sfeir\" title=\"\" data-img_id=\"2811\"></p>\n\n<h4 class=\"center\">\n<a href=\"https://fr.wikomobile.com/\">Wiko</a>\n</h4>\n\n<p><img src=\"https://www.alsacreations.com/xmedia/doc/original/1526313681-wiko.png\" alt=\"wiko\" title=\"\" data-img_id=\"2812\"></p>\n\n<h4 class=\"center\">\n<a href=\"https://www.eyrolles.com/\">Eyrolles</a>\n</h4>\n\n<p><img src=\"https://www.alsacreations.com/xmedia/doc/original/1526313693-eyrolles.png\" alt=\"eyrolles\" title=\"\" data-img_id=\"2813\"></p>\n\n<h4 class=\"center\">\n<a href=\"http://blackblitz.fr\">BlackBlitz</a>\n</h4>\n\n<p><img src=\"https://www.alsacreations.com/xmedia/doc/original/1526314004-blackblitz.png\" alt=\"blackblitz\" title=\"\" data-img_id=\"2820\"></p>\n\n<h4 class=\"center\">\n<a href=\"https://www.ineolab.fr/\">Inéolab</a>\n</h4>\n\n<p><img src=\"https://www.alsacreations.com/xmedia/doc/original/1526313725-ineolab.png\" alt=\"inéolab\" title=\"\" data-img_id=\"2814\"></p>\n\n<h4 class=\"center\">\n<a href=\"http://www.agenceapollo.fr/\">Agence Apollo</a>\n</h4>\n\n<p><img src=\"https://www.alsacreations.com/xmedia/doc/original/1526313753-apollo.png\" alt=\"apollo\" title=\"\" data-img_id=\"2816\"></p>\n\n<h4 class=\"center\">\n<a href=\"https://www.studiometa.fr/\">StudioMeta</a>\n</h4>\n\n<p><img src=\"https://www.alsacreations.com/xmedia/doc/original/1526313763-studiometa.png\" alt=\"studiometa\" title=\"\" data-img_id=\"2817\"></p>\n\n<h4 class=\"center\">\n<a href=\"https://jolicode.com/\">JoliCode</a>\n</h4>\n\n<p><img src=\"https://www.alsacreations.com/xmedia/doc/original/1526313774-jolicode.png\" alt=\"jolicode\" title=\"\" data-img_id=\"2818\"></p>\n\n<h4 class=\"center\">\n<a href=\"https://www.dareboost.com\">Dareboost</a>\n</h4>\n\n<p><img src=\"https://www.alsacreations.com/xmedia/doc/original/1526313842-dareboost.png\" alt=\"dareboost\" title=\"\" data-img_id=\"2819\"></p>\n\n<p>Nous tenons à adresser un énorme merci à tous ces sponsors (retrouvez-les lors de l\'événement) qui rendent réalisables des projets tels que celui-ci et qui croient dans un web de partage et de communication avec les autres.</p>\n\n<p>Voici donc officiellement lancée la saison 9 (S09E01) de la KiwiParty&nbsp;!</p>\n<p><b><a href=\"https://www.alsacreations.com/actu/lire/1768-KiwiParty-2018-c-est-reparti-mon-kiwi.html\">Publié par Alsacreations.com</a></b></p>','2018-05-15',NULL,'2018-10-02 17:01:14','2018-10-02 17:01:14','https://www.alsacreations.com/actu/lire/1768-KiwiParty-2018-c-est-reparti-mon-kiwi.html'),(141,5,'Mydevice.io, tout savoir sur votre device','<p>\r\n	<a href=\"http://mydevice.io/\"><strong>Mydevice.io</strong></a>&nbsp;est un véritable \"tableau de bord\" pour votre périphérique mobile. il vous permet de mieux comprendre ses métriques et des capacités, notamment lors de vos développements web Responsive ou vos applications web.</p>\r\n<p>\r\n	Vous y découvrirez toutes les informations pratiques relatives à votre appareil : orientation, largeur utilisable en web, pixel-ratio, resolution, etc.</p><h3>Fiche technique</h3>\r\n<p>\r\n	Les informations techniques de votre device sont listées en commençant par la plus importante : la largeur réelle utilisable par le navigateur web. Vous le savez sans doute, la \"largeur CSS\" utilisable n\'est pas identique à la valeur en pixel vendue par votre constructeur. <br>Mydevice est là pour rétablir la vérité et vous rappeler que dans le Web, un iPhone 6+ a une fenêtre de 414 pixels de large et non 1080 pixels.</p><p>D\'autres données essentielles telles que la valeur du pixel-ratio, la résolution ou la taille de police de base y sont également référencées.</p><p><img src=\"https://www.alsacreations.com/xmedia/doc/original/1525076469-mydevice1.png\" alt=\"mydevice fiche technique\" data-img_id=\"2806\"><br></p><h3>Fonctionnalités</h3><p>L\'ensemble des fonctionnalités importantes supportées par le navigateur y est répertorié : </p><ul><li>CSS (Flexbox, Grid Layout, nouvelles unités, @support, position sticky, etc.)</li><li>HTML / JS (API récentes, événements \"touch\", geolocalisation, webgl, srcset, picture, etc.)</li></ul><p><img src=\"https://www.alsacreations.com/xmedia/doc/original/1525076504-mydevice2.png\" alt=\"mydevice fonctionnalités\" data-img_id=\"2807\"><br></p><h3 class=\"\">Comparatif</h3>\r\n<p>\r\n	Pour pouvoir comparer facilement avec d\'autres périphériques, un tableau récapitulatif et triable permettra de s\'y retrouver entre les smartphones et tablettes les plus communs.</p><p><img src=\"https://www.alsacreations.com/xmedia/doc/original/1525076560-mydevice3.png\" alt=\"mydevice comparatif\" data-img_id=\"2810\"><br></p><p>J\'espère que cet outil vous sera bien utile lors de vos intégrations web. Un grand merci à mes collègues d\'Alsacréations pour le rafraîchissement de cet outil !</p><p><b><a href=\"https://www.alsacreations.com/outils/lire/1528-mydevice-tout-savoir-sur-votre-device.html\">Publié par Alsacreations.com</a></b></p>','2018-04-30',NULL,'2018-10-02 17:01:14','2018-10-02 17:01:14','https://www.alsacreations.com/outils/lire/1528-mydevice-tout-savoir-sur-votre-device.html'),(142,5,'L\'élément &lt;wbr&gt;','<p>Introduite par HTML5, la balise <code>&lt;wbr&gt;</code> correspond à une opportunité de coupure de mot : <em>word break</em>.</p>\n\n<p>Elle fonctionne en osmose avec la propriété CSS <code>white-space</code> qui peut elle même prendre les valeurs :</p>\n\n<ul>\n<li><code>nowrap</code> (pas de retour à la ligne)</li>\n<li><code>normal</code> (par défaut).</li>\n</ul>\n\n<p>C\'est-à-dire que l\'on va indiquer où le texte peut être coupé à l\'intérieur d\'un mot, voire entre les mots, s\'il y en a le besoin pour produire un retour à la ligne.</p>\n\n<pre><code class=\"language-html\">&lt;p&gt;Le mot rhino&lt;wbr&gt;pharyngito&lt;wbr&gt;laryngo&lt;wbr&gt;graphologiquement est beaucoup trop long.&lt;/p&gt;\n</code></pre>\n\n<p>Il s\'agit d\'une balise auto-fermante (élément vide) donc il n\'y a pas de balise de fin (comme <code>&lt;br&gt;</code> d\'ailleurs). En réalité, <code>&lt;wbr&gt;</code> correspond au caractère U+200B, une espace de largeur nulle. Il n\'y a pas de trait d\'union automatiquement inséré à la coupure des lignes.</p>\n\n<h3>Démonstration en situation réelle</h3>\n\n<p>Avec des blocs de largeur limitée, on peut facilement tester les différents cas de figure :</p>\n\n<p><a class=\"demo\" href=\"https://www.alsacreations.com/xmedia/tuto/html5/wbr/wbr.html\">Démonstration en ligne</a></p>\n\n<h3>Avec white-space: normal</h3>\n\n<h4>Sans wbr</h4>\n\n<p>Avec la valeur par défaut de <code>white-space</code> le texte s\'écoule normalement : il n\'est pas empêché de passer à la ligne.</p>\n\n<p><img src=\"https://www.alsacreations.com/xmedia/doc/original/1524138942-wbr1.png\" alt=\"\" title=\"\" data-img_id=\"2800\"></p>\n\n<h4>Avec wbr entre certaines syllabes</h4>\n\n<p>Cette fois-ci il peut y avoir des coupures entre les mots, qui s\'écoulent dans l\'espace restant.</p>\n\n<p><img src=\"https://www.alsacreations.com/xmedia/doc/original/1524138948-wbr2.png\" alt=\"\" title=\"\" data-img_id=\"2801\"></p>\n\n<h3>Avec white-space: nowrap</h3>\n\n<h4>Sans wbr</h4>\n\n<p>Le texte suit ce que lui ordonne la propriété CSS : pas de retour à la ligne en cas d\'espace.</p>\n\n<p><img src=\"https://www.alsacreations.com/xmedia/doc/original/1524138954-wbr3.png\" alt=\"\" title=\"\" data-img_id=\"2802\"></p>\n\n<h4>Avec wbr entre les mots</h4>\n\n<p>On retrouve là le comportement que l\'on avait déjà avec les valeurs par défaut : CSS devrait interdire le retour à la ligne, mais wbr le permet.</p>\n\n<p><img src=\"https://www.alsacreations.com/xmedia/doc/original/1524138942-wbr1.png\" alt=\"\" title=\"\" data-img_id=\"2800\"></p>\n\n<h3>Dans la pratique</h3>\n\n<p>On va rarement insérer des balises <code>&lt;wbr&gt;</code> manuellement dans de longues portions de texte. Il s\'agit surtout de pouvoir cibler des cas très spécifiques, ou d\'en tenir compte sur des éléments importants d\'un design (en-tête, titre, pied de page...).</p>\n<p><b><a href=\"https://www.alsacreations.com/article/lire/1765-element-wbr-html5.html\">Publié par Alsacreations.com</a></b></p>','2018-04-25',NULL,'2018-10-02 17:01:14','2018-10-02 17:01:14','https://www.alsacreations.com/article/lire/1765-element-wbr-html5.html'),(143,5,'InVision Studio sera-t-il capable de détrôner ses concurrents ?','<p><a href=\"https://www.invisionapp.com/studio\">InVisionStudio</a>, le nouveau logiciel qui intrigue le monde du web, distribue au compte-goutte les early access. En attendant la sortie officielle, nous avons eu la chance de bénéficier d\'une de ces avant-premières et en avons profité pour tester les avantages et les limites du « <strong>world\'s most powerful screen design tool</strong> ».</p>\n\n<p>Alors, InVision Studio est-il en mesure de rivaliser avec les logiciels actuels comme <strong>Figma, Adobe XD</strong> ou encore <strong>Sketch</strong>, contre lesquels il se pose comme une alternative plus évoluée ?</p>\n\n<p><img src=\"https://www.alsacreations.com/xmedia/doc/original/1524131698-invisionstudio-interfacelancement.png\" alt=\"Invision Studio : interface de lancement\" title=\"\" data-img_id=\"2788\"></p>\n\n<p><em>L\'interface de InVisionStudio lors du lancement de l\'app.</em></p>\n\n<h3>Une impression de déjà-vu</h3>\n\n<p>Après l\'installation et l\'ouverture de InVision Studio, une fois passée la première fenêtre permettant de définir son espace de travail, l’application en elle-même <strong>ressemble fortement à Sketch</strong> : l\'agencement et la position des barres d\'outils, la gestion des Artboards, l\'aspect « less is more » ... C\'est simple, nous avons eu l\'impression d\'utiliser une nouvelle version de Sketch, mais en noir.</p>\n\n<p><img src=\"https://www.alsacreations.com/xmedia/doc/original/1524132334-invisionstudio-interfaceglobale.png\" alt=\"InVision Studio : écran global de l\'application\" title=\"\" data-img_id=\"2793\"></p>\n\n<p><em>Ca ne vous rappelle rien ?</em></p>\n\n<p>Alors, est-ce <strong>un bon ou un mauvais choix</strong> de la part d\'InVision ?</p>\n\n<p>Eh bien, les deux.</p>\n\n<p>D\'un côté, cela permet aux utilisateurs déjà conquis de Sketch de <strong>retrouver leurs habitudes</strong>, et donc de prendre en main plus rapidement l\'application. Certaines fonctionnalités sont d\'ailleurs mieux pensées (par exemple, certains raccourcis sont accessibles d\'un clic au lieu d\'être placés dans un menu déroulant) et d\'autres, nouvelles, sont tout aussi appréciables (l\'alignement automatique d\'un bloc de texte sur un rectangle vectoriel).</p>\n\n<p><img src=\"https://www.alsacreations.com/xmedia/doc/original/1524132453-invisionstudio-barreoutil.png\" alt=\"InVision Studio : barre d\'outils de droite\" title=\"\" data-img_id=\"2794\"></p>\n\n<p><em>La barre d\'outils contextuelle, familière et simplifiée (les options de typo sorties des menus déroulants et matérialisées par une icone sont un bon exemple d\'amélioration réussie)</em></p>\n\n<p>Mais de l\'autre, la <strong>trop grande similarité</strong> nous frustre d\'autant plus lorsqu\'un raccourci n\'est pas le même : nous sommes tellement ancrés dans nos réflexes qu\'il est difficile d\'appréhender un tel changement. L\'exemple le plus parlant est la touche de zoom de Sketch qui, sur InVision, permet de scroller en haut ou en bas de la zone de travail. On se retrouve donc rapidement à perdre notre artboard de vue et, le temps de retrouver le bon raccourci et de savoir où nous sommes dans la zone de travail, la frustration engendrée peut grandement perturber notre concentration. La sauvegarde automatique est également absente, faute d\'une app non native Mac.</p>\n\n<h3>Un workflow complet dans une seule app</h3>\n\n<p>La fonctionnalité la plus attendue de InVision Studio, c\'est bien entendu le <strong>prototyping avancé au sein même de l\'application</strong>. Plus besoin de changer de logiciel pour animer vos maquettes, tout se passe directement dans l\'interface : les fonctions de prototyping sont fluides, faciles à mettre en place et tous les éléments peuvent être contrôlés séparément pour des animations calées au pixel près. Le résultat est assez bluffant et bien plus avancé que ce que propose Sketch + Craft, par exemple.</p>\n\n<p>On remarque malgré tout que l\'interface n\'est <strong>pas forcément très intuitive</strong> et que l\'on doit « deviner » le fonctionnement à l\'instinct, puisqu\'aucune explication textuelle ne vient accompagner l\'outil.</p>\n\n<p><img src=\"https://www.alsacreations.com/xmedia/doc/original/1524132630-invisionstudio-animations.png\" alt=\"InVision Studio : écran de personnalisation d\'une animation\" title=\"\" data-img_id=\"2795\"></p>\n\n<p><em>L\'écran de personnalisation d\'une animation.</em></p>\n\n<p>Quelques <strong>bugs</strong> sont aussi notables avec, par exemple, des formes vectorielles qui « fuient » sur un côté de l\'artboard avant de récupérer leur place lors d\'une animation, des animations qui ne se chargent tout simplement pas, ou des « flashs » qui se chargent entre deux écrans... Mais il faut tempérer en rappelant qu\'il s\'agit ici d\'une <strong>version bêta</strong>, et que ces petits désagréments seront probablement corrigés lors de la sortie officielle.</p>\n\n<p class=\"center\">\n<video width=\"374\" height=\"850\" controls autoplay loop>\n  <source src=\"https://www.alsacreations.com/xmedia/tuto/movies/animate-invision-explore-video.mp4\" type=\"video/mp4\">\n</video></p>\n\n<p>Bien entendu, la <strong>connexion entre InVision Studio et InVision</strong> pour le partage des maquettes, l\'annotation et plus simplement le co-travail avec chacun de ses collaborateurs est plus qu\'appréciable. Il est également possible d\'<strong>importer des maquettes Sketch</strong> dans InVision Studio, sous couvert d\'une bonne compatibilité – car pour l\'instant, à l\'ouverture, le logiciel nous prévient qu\'il ne supporte pas toutes les fonctionnalités de son concurrent. Nous avons également noté quelques latences avec l\'utilisation de gros fichiers.</p>\n\n<p><img src=\"https://www.alsacreations.com/xmedia/doc/original/1524132660-invisionstudio-issues.png\" alt=\"InVision Studio : issues\" title=\"\" data-img_id=\"2796\"></p>\n\n<p><em>Une compatibilité limitée</em></p>\n\n<h3>Des bons points qui ne suffisent pas à séduire</h3>\n\n<p>Malgré une bonne première impression, InVision Studio se montre encore trop light pour une utilisation intensive quotidienne. Le logiciel manque de certaines fonctionnalités (les filtres de fusion sont très peu nombreux et les quelques options de retouches d\'images sont absentes, par exemple) et les mécanismes importants comme les symboles ou la gestion des artboards semblent plus fouillis, moins intuitifs et donc plus difficiles à intégrer dans une bonne routine.</p>\n\n<p><img src=\"https://www.alsacreations.com/xmedia/doc/original/1524132872-invisionstudio-symboles.png\" alt=\"InVision Studio : Symbole\" title=\"\" data-img_id=\"2797\"></p>\n\n<p><em>Un symbole dans le menu des pages</em></p>\n\n<p><img src=\"https://www.alsacreations.com/xmedia/doc/original/1524132894-invisionstudio-library.png\" alt=\"InVision Studio : Library\" title=\"\" data-img_id=\"2798\"></p>\n\n<p><em>La navigation entre « pages » et « librairie » (qui contient les symboles) se fait grâce aux deux icônes en haut à droite. Et en cliquant sur un symbole dans la librairie, on se retrouve dans ... le symbole au sein d\'une page. Étrange.</em></p>\n\n<p>De plus, Sketch peut aujourd\'hui être enrichi de centaines de plugins, les thèmes et ressources gratuites fourmillent sur le web et il est ancré dans les habitudes de nombreux designers. Certains ont du réussir à convaincre leur patron, leur équipe ou leurs collaborateurs pour changer d\'outils et des jours, voire des semaines d\'adaptation sont nécessaires pour prendre en main un nouveau logiciel.</p>\n\n<p>À ce jour, <strong>InVision Studio est encore trop pauvre en fonctionnalités</strong> inhérentes au graphisme pour surpasser Sketch. Il peut, par contre, être une bonne alternative à Photoshop ou à Adobe XD, car il conserve l\'avantage d\'une interface épurée et d\'une connexion native avec le flux d\'InVision.</p>\n\n<p>Il pourrait devenir une <strong>alternative intéressante</strong> si les futures fonctionnalités développées permettent de corriger ses lacunes et que la communauté s\'intéresse suffisamment au projet pour y apporter leurs propres ressources – car rappelons-le, l\'API d\'Invision Studio devrait bientôt être ouverte !</p>\n\n<h3>Un résumé de InVision Studio en 6 points</h3>\n\n<p>En comparaison avec Sketch :</p>\n\n<table>\n<thead>\n<tr>\n  <th>Les points forts</th>\n  <th>Les points faibles</th>\n</tr>\n</thead>\n<tbody>\n<tr>\n  <td>La connexion InVision Studio x InVision</td>\n  <td>Une arrivée trop tardive sur le marché (besoin de changer nos habitudes, temps de développement pour rattraper Sketch...)</td>\n</tr>\n<tr>\n  <td>Les options de prototyping avancées</td>\n  <td>Un manque d\'ambition et de prise de risque qui le relègue à un clone de Sketch avec un Craft plus avancé</td>\n</tr>\n<tr>\n  <td>La ressemble intuitive avec Sketch</td>\n  <td>Une ressemblance trop ou pas assez poussée qui engendre de la confusion</td>\n</tr>\n<tr>\n  <td>L\'interface épurée</td>\n  <td>Des fonctionnalités manquantes (pas de retouches d\'images, pas de styles)</td>\n</tr>\n<tr>\n  <td>Le mode collaboratif</td>\n  <td>Une collaboration déjà présente avec Sketch + Craft</td>\n</tr>\n<tr>\n  <td>Les améliorations de certaines fonctionnalités</td>\n  <td>D\'autres fonctionnalités qui deviennent plus compliquées à appréhender (symboles, artboard)</td>\n</tr>\n</tbody>\n</table>\n\n<h3>Alors, on l\'adopte ou pas ?</h3>\n\n<p>InVision Studio a certainement plusieurs atouts dans sa poche, mais en l\'état actuel, la version proposée est trop basique et pas assez stable pour permettre de convaincre, et surtout de convertir des utilisateurs avec des habitudes déjà bien ancrées. Avec quelques mois de développement supplémentaires, il devrait cependant être à la mesure de tenir ses promesses et de devenir une alternative envisageable.</p>\n\n<p>Il pourrait par contre devenir le compagnon idéal pour ceux qui n\'ont pas encore adopté de logiciel de graphisme ou qui n\'en sont pas convaincus, pour les étudiants grâce à son tarif imbattable, ou... pour les <strong>utilisateurs de Windows</strong> ! En effet, le logiciel est disponible sur cet OS, à l\'inverse de son concurrent Sketch, et serait probablement l\'alternative la plus intéressante pour les possesseurs de PC.</p>\n\n<p>Adobe XD peut également être un bon choix grâce à son interactivité avec les autres logiciels Adobe que nous utilisons toujours (Indesign pour le print, Illustrator pour le vectoriel, Photoshop pour la retouche d\'images...) en attendant qu\'une solution plus légère pour tous ces besoins ne voit le jour.</p>\n\n<p>Mais surtout, il ne tient qu\'à vous de tester et de choisir la solution qui vous convient le mieux.</p>\n\n<ul>\n<li>Rester sur votre logiciel de prédilection ?</li>\n<li>Utiliser partiellement InVision Studio pour le prototyping ?</li>\n<li>Intégrer votre processus de création complet dans InVision Studio ?</li>\n</ul>\n\n<p><strong>Partagez vos méthodes de travail avec nous !</strong></p>\n<p><b><a href=\"https://www.alsacreations.com/outils/lire/1767-invision-studio.html\">Publié par Alsacreations.com</a></b></p>','2018-04-23',NULL,'2018-10-02 17:01:14','2018-10-02 17:01:14','https://www.alsacreations.com/outils/lire/1767-invision-studio.html'),(144,5,'Résultats du sondage : formations web et formations en ligne','<p>Le 27 mars dernier, nous avons lancé un sondage sur le sujet des formations web et des formations en ligne à distance afin d’en savoir plus sur vos envies de formation du moment et recueillir vos avis sur les formations en ligne. Nous voilà trois semaines plus tard pour vous partager les résultats de ce sondage.</p><p class=\"center\"><img src=\"https://www.alsacreations.com/xmedia/doc/original/1524124611-audit-3229739-1280.png\" alt=\"statistiques tasse de café ordinateur\" data-img_id=\"2787\"><br></p><p class=\"center\">Source : <a href=\"https://pixabay.com/fr/v%C3%A9rification-graphique-main-%C3%A9crit-3229739/\">https://pixabay.com/fr/v%C3%A9rification-graphique-main-%C3%A9crit-3229739/</a>&nbsp;<br></p><p>Après dépouillement de toutes les réponses que nous avons reçues, nous avons constaté que les sujets de formations web qui vous intéressent le plus sont <b class=\"\">JavaScript</b> (14,2%), <b>CSS3 </b>(10,2%) et le <b>développement Front-End </b>(5,9%) suivi de très près par <b>PHP </b>(5,4%).<br></p><p class=\"center\"><img src=\"https://www.alsacreations.com/xmedia/doc/original/1524122140-graph-formationw-web-qui-vous-interessent.png\" alt=\"graph formation web qui vous intéressent\" data-img_id=\"2782\" class=\"\"><br></p><p>De plus, vous êtes près de&nbsp;<b class=\"\">94% </b>à être intéressés par la formation à distance et environ&nbsp;<b>74%</b> d’entre vous ont déjà participé à ce type de formation et en ont été <b class=\"\">majoritairement satisfaits </b>(à 87,1%).&nbsp;<br></p><p class=\"center\"><img src=\"https://www.alsacreations.com/xmedia/doc/original/1524133293-interet-formation-satisfaction.png\" alt=\"interet formation a distance et satisfaction\" data-img_id=\"2799\"><br></p><p>Pour ceux n’ayant pas suivi de formation à distance, les principales raisons sont des problèmes <b class=\"\">d’organisation</b>, de <b>motivation </b>(29,9%) ou encore le <b>manque de suivi et d’échanges</b> avec le formateur (7,5%). Une majorité des répondants ne sais pas pourquoi ne pas avoir tenté l’expérience et le reste des personnes ne sont pas intéressées par ce type de formations.</p><p class=\"center\"><img src=\"https://www.alsacreations.com/xmedia/doc/original/1524122033-graph-pourquoi-ne-pas-avoir-suivi-de-formation-a-distance.png\" alt=\"graph pourquoi ne pas avoir suivi de formation à distance\" data-img_id=\"2780\" class=\"\"><br></p><p>Concernant les raisons de suivre une formation en ligne à distance, c’est la praticité liée à <b>l’absence de déplacement</b> qui arrive en tête des réponses, suivie de <b>l’autonomie </b>dans l’apprentissage et en troisième position, le <b>moindre coût</b>.</p><p class=\"center\"><img src=\"https://www.alsacreations.com/xmedia/doc/original/1524121992-graph-pourquoi-suivre-une-formation-a-distance.png\" alt=\"graph pourquoi suivre une formation à distance\" data-img_id=\"2779\"><br></p><p><span style=\"font-size: 1.6rem;\">Une majorité d’entre vous attendent une </span><b style=\"font-size: 1.6rem;\" class=\"\">certification reconnue</b><span style=\"font-size: 1.6rem;\" class=\"\"> à la fin d’une formation à distance (46,4%)  suivi de près par une </span><b style=\"font-size: 1.6rem;\">l’attestation de réussite</b><span style=\"font-size: 1.6rem;\"> (33%). Près de 14% souhaitent simplement pouvoir acquérir des connaissances et compétences.&nbsp;</span></p><p class=\"center\"><img src=\"https://www.alsacreations.com/xmedia/doc/original/1524123382-graph-attentes-a-la-fin-dune-formation-a-distance.png\" alt=\"graph attentes à la fin d\'une formation à distance\" data-img_id=\"2783\"><span style=\"font-size: 1.6rem;\"><br></span></p><p><span style=\"font-size: 1.6rem;\" class=\"\">Parlons budget avec l’estimation du prix d’une formation en ligne à distance. Les résultats sont serrés et c’est la tranche </span><b style=\"font-size: 1.6rem;\">entre 100 et 300€  </b><span style=\"font-size: 1.6rem;\">qui est la plus sélectionnée (31,1%) suivie de la tranche entre </span><b style=\"font-size: 1.6rem;\">0 et 100 €</b><span style=\"font-size: 1.6rem;\"> (27,8%) puis celle entre</span><b style=\"font-size: 1.6rem;\"> 300 et 500€</b><span style=\"font-size: 1.6rem;\" class=\"\"> (23,7%).</span></p><p class=\"center\"><img src=\"https://www.alsacreations.com/xmedia/doc/original/1524123552-graphique-prix-formation-a-distance.png\" alt=\"graphique prix formation à distance\" data-img_id=\"2785\"><br></p><p><span style=\"font-size: 1.6rem;\"><br></span></p><p><span style=\"font-size: 1.6rem;\">Vous avez été</span><b style=\"font-size: 1.6rem;\"> 198 à répondre </b><span style=\"font-size: 1.6rem;\">à notre sondage, nous souhaitions vous remercier de votre participation !&nbsp;</span><span style=\"font-size: 1.6rem;\">Grâce à vous, nous en savons un peu plus sur vos envies de formations web ainsi que sur votre point de vue concernant les formations en ligne à distance.</span><span style=\"font-size: 1.6rem;\">&nbsp;</span><br></p><p><b><a href=\"https://www.alsacreations.com/actu/lire/1766-resultats-du-sondage-formations-web-et-formations-en-ligne.html\">Publié par Alsacreations.com</a></b></p>','2018-04-19',NULL,'2018-10-02 17:01:14','2018-10-02 17:01:14','https://www.alsacreations.com/actu/lire/1766-resultats-du-sondage-formations-web-et-formations-en-ligne.html'),(145,5,'Les template strings en JavaScript','<p>Vous savez déjà certainement que les chaînes de caractères en JavaScript peuvent être contenues indifféremment entre des guillements simples \' (apostrophes en français) et doubles \".</p>\n\n<p>Une nouveauté bien intéressante d\'ECMAScript 2015 (= ES6) permet d\'utiliser les backquotes ` (accent grave) pour déliminer des chaînes de texte dans lesquelles on peut interpréter des variables ou portions de code. Très pratique pour ne pas avoir à concaténer texte \"en dur\" et variables, et pour y placer des quotes classiques (\' et \") sans risquer l\'erreur de syntaxe.</p>\n\n<pre><code class=\"language-javascript\">const message = `Hello tout le monde`;\n</code></pre>\n\n<p>On appelle ceci les <em>template strings</em> ou aussi <em>template literals</em>. Le côté <em>template</em> est justement pensé pour constituer des <em>modèles</em> de blocs de texte réutilisables.</p>\n\n<p>L\'implémentation<sup id=\"fnref:1\"><a href=\"#fn:1\" class=\"footnote-ref\" role=\"doc-noteref\">1</a></sup> dans tous les navigateurs modernes - en mettant de côté le vénérable Internet Explorer - permet de s\'en servir sans se poser trop de question.</p>\n\n<h3>Variables</h3>\n\n<p>L\'usage de base consiste à imbriquer des variables dans les chaînes, entre <code>${</code> et <code>}</code>. Elles se verront \"remplacées\" par leur valeur au moment de l\'exécution.</p>\n\n<pre><code class=\"language-javascript\">var kiwis = 3;\nconst message = `J\'ai ${kiwis} kiwis dans mon panier`;\n// Résultat : J\'ai 3 kiwis dans mon panier\n</code></pre>\n\n<p>On retrouve ici le même concept qu\'en PHP avec les chaînes de texte entre guillemets doubles qui interprètent les variables : <code>echo \"Ma variable : $kiwis\";</code></p>\n\n<h3>Expressions et fonctions</h3>\n\n<p>En réalité, cela fonctionne aussi avec des expressions, c\'est-à-dire tout ce qui retourne une valeur, ce qui est encore plus pratique :</p>\n\n<pre><code class=\"language-javascript\">var kiwis = 3;\nvar mangues = 5;\nvar prix = 13.37;\nconst message = `J\'ai ${kiwis+mangues} fruits dans mon panier`;\n// Résultat : J\'ai 8 fruits dans mon panier\nconst total = `Kiwis : ${kiwis*prix} €`;\n// Résultat : Kiwis : 40.11 €\n</code></pre>\n\n<pre><code class=\"language-javascript\">function timestamp() { return new Date().getTime() }\nconst message = `Le timestamp actuel est ${timestamp()}`;\n</code></pre>\n\n<p>De même avec des objets :</p>\n\n<pre><code class=\"language-javascript\">var fruits = {kiwis:3, mangues:5};\nconst message = `J\'ai ${fruits.kiwis + fruits.mangues} kiwis dans mon panier`;\n</code></pre>\n\n<h3>Chaînes multilignes</h3>\n\n<p>Cette nouvelle façon de procéder permet des retours à la ligne sans utiliser d\'autres astuces telles que la concaténation ou l\'échappement avec &#46;</p>\n\n<pre><code class=\"language-javascript\">const message = `J\'ai des kiwis\ndans mon panier\net c\'est très bon.`;\n</code></pre>\n\n<h3>Templates</h3>\n\n<p>Avec tout ceci on peut imaginer des fonctions retournant des portions de document HTML, réutilisables, prenant en paramètres des données brutes.</p>\n\n<pre><code class=\"language-html\">&lt;ul class=\"js-fruits\"&gt;&lt;/ul&gt;\n</code></pre>\n\n<pre><code class=\"language-javascript\">let kiwi = {\n  nom: \"kiwi\",\n  poids: \"100g\",\n  vitamines: \"C, B, E\"\n};\nlet citron = {\n  nom: \"citron\",\n  poids: \"300g\",\n  vitamines: \"C\"\n};\nfunction htmlFruit(data) {\n  return `&lt;li&gt;Le ${data.nom} pèse ${data.poids} et contient des vitamines ${data.vitamines}&lt;/li&gt;`;\n}\ndocument.querySelector(\'.js-fruits\').innerHTML += htmlFruit(kiwi) + htmlFruit(citron);\n</code></pre>\n\n<h3>Template strings avec tags</h3>\n\n<p>L\'usage le plus avancé et complexe des template strings reste celui avec des <em>tags</em>, pour générer des chaînes en passant par l\'intermédiaire de fonctions. La fonction est placée en amont des backquotes :</p>\n\n<pre><code class=\"language-javascript\">function transfo(strings, ...values) {\n   let str = \'\';\n   strings.forEach((string, i) =&gt; {\n       if(values[i]) str += string + values[i] + \"!\";\n   });\n   return str;\n}\nvar fruit = \"kiwi\";\nvar vitamines = \"C\";\nvar message = transfo`Le ${fruit} contient des vitamines ${vitamines}`;\n// Résultat : \"Le kiwi! contient des vitamines C!\"\n</code></pre>\n\n<p>Pour ceci je vous renvoie à l\'article de Wes Bos qui décrit bien leur fonctionnement et ce que l\'on peut en faire concrètement : <a href=\"https://wesbos.com/tagged-template-literals/\">Tagged Template Literals</a></p>\n\n<h3>Frameworks et bibliothèques</h3>\n\n<p>Etant donné qu\'il s\'agit d\'une structure de base du langage, on peut s\'en servir dans du code JavaScript <em>vanilla</em> et avec des outils tels que jQuery, Angular, React.</p>\n\n<div class=\"footnotes\" role=\"doc-endnotes\">\n<hr>\n<ol>\n\n<li id=\"fn:1\" role=\"doc-endnote\">\n<p><a href=\"https://caniuse.com/#feat=template-literals\">Caniuse ES6 Template Literals (Template Strings)</a>&#160;<a href=\"#fnref:1\" class=\"footnote-backref\" role=\"doc-backlink\">&#8617;&#xFE0E;</a></p>\n</li>\n\n</ol>\n</div>\n<p><b><a href=\"https://www.alsacreations.com/astuce/lire/1764-Les-template-strings-en-JavaScript.html\">Publié par Alsacreations.com</a></b></p>','2018-04-16',NULL,'2018-10-02 17:01:14','2018-10-02 17:01:14','https://www.alsacreations.com/astuce/lire/1764-Les-template-strings-en-JavaScript.html'),(146,5,'Grid Layout Cheatsheet (pense-bête)','<p>De plus en plus incontournable, la spécification <a href=\"/article/lire/1388-CSS3-Grid-Layout.html\"><b>CSS Grid Layout</b></a> ouvre de très larges possibilités pour nos intégrations de pages web, en complément à ce qu\'offre déjà le très intéressant Flexbox.</p><p>De plus en plus de ressources proposent des tutoriels, des cas d\'usages voire des jeux permettant de mieux appréhender ce modèle de positionnement encore trop obscur.</p><p class=\"info\">Pour vous dépanner au quotidien, Alsacréations vous propose sa <strong>Grid Cheatsheet</strong> au format PDF, que vous pouvez télécharger à l\'adresse <a href=\"http://kiwi.gg/gridcheat\">kiwi.gg/gridcheat</a> (75 Ko).</p><p>Ce memento est composé des sections suivantes :</p><ul><li>les concepts principaux de Grid Layout (lignes, rangées, cellules, zones)</li><li>propriétés applicables sur le parent (avec les valeurs par défaut)</li><li>les propriétés de placement d\'éléments (avec les valeurs par défaut)</li><li>les propriétés de placement automatique et de gouttières</li><li>les propriétés d\'alignements applicables sur le parent et les enfants</li><li class=\"\">quelques modèles classiques : &nbsp;centrage, pied de page en bas, répétitions, grille simple<br></li><li class=\"\">liens vers des ressources incontournables</li></ul><p>N\'hésitez pas à le télécharger, il est en usage libre (mentions d\'Alsacréations recommandée) et à nous faire toute critique ou suggestion à propos de ce document.</p><p><b><a href=\"https://www.alsacreations.com/outils/lire/1763-grid-layout-cheat-sheet-pense-bete.html\">Publié par Alsacreations.com</a></b></p>','2018-04-03',NULL,'2018-10-02 17:01:14','2018-10-02 17:01:14','https://www.alsacreations.com/outils/lire/1763-grid-layout-cheat-sheet-pense-bete.html'),(147,5,'Formations web et formations en ligne : votre avis nous intéresse!','<p>Le saviez-vous ? Alsacréations est également un organisme de formation reconnu dans le domaine du web.&nbsp;</p><p>En ce début de printemps 2018, nous cherchons à en savoir plus sur les formations web et les formations en ligne à distance. Que vous ayez déjà suivi ou non une formation de ce type, votre avis nous intéresse !</p><p>Notre objectif est de mieux connaître les sujets qui peuvent vous intéresser, et de recueillir votre avis sur les formations en ligne à distance, un format de plus en plus utilisé.</p> <p class=\"info\">Pour cela, rien de plus simple, nous avons 9 questions pour vous : <a href=\"https://goo.gl/forms/ggUpHkijrluQ29n72\"><b>https://goo.gl/forms/ggUpHkijrluQ29n72</b></a> </p> <p>Les résultats du sondage seront publiés dans 3 semaines en toute transparence. </p><p><img src=\"https://www.alsacreations.com/xmedia/doc/original/1522069092-freelancer-763730-640b.jpg\" alt=\"un bureau un agenda et un ordinateur\"><br></p><p><i>Source : </i><a href=\"https://pixabay.com/fr/travailleur-ind%C3%A9pendant-apple-imac-763730/\"><i>https://pixabay.com/fr/travailleur-ind%C3%A9pendant-apple-imac-763730/</i></a><i> </i><i><br></i><i>Usage commercial autorisé, FirmBee, Creative Commons CC0</i></p><p <img=\"\" src=\"https://www.alsacreations.com/xmedia/doc/original/1522069092-freelancer-763730-640b.jpg\" alt=\"un bureau un agenda et un ordinateur\" data-img_id=\"2770\" class=\"\"></p><p><b><a href=\"https://www.alsacreations.com/actu/lire/1762-formations-web-et-formations-en-ligne-votre-avis-nous-interesse.html\">Publié par Alsacreations.com</a></b></p>','2018-03-27',NULL,'2018-10-02 17:01:14','2018-10-02 17:01:14','https://www.alsacreations.com/actu/lire/1762-formations-web-et-formations-en-ligne-votre-avis-nous-interesse.html'),(148,6,'Collomb confirme vouloir démissionner, Macron attend les « propositions » du premier ministre','Le ministre de l’intérieur veut quitter le gouvernement pour préparer sa candidature à la mairie de Lyon. L’Elysée attend des « propositions » du premier ministre.','2018-10-02',NULL,'2018-10-02 17:03:33','2018-10-02 17:03:33','https://www.lemonde.fr/politique/article/2018/10/02/gerard-collomb-reaffirme-sa-volonte-de-demissionner-macron-demande-au-premier-ministre-de-lui-chercher-un-successeur_5363504_823448.html?xtor=RSS-3208'),(149,6,'Au congrès du Parti conservateur, Boris Johnson pilonne le plan Brexit de Theresa May','L’ex-ministre des affaires étrangères caresse l’idée d’un échec des négociations avec l’UE tandis que la première ministre espère encore les relancer.','2018-10-02',NULL,'2018-10-02 17:03:33','2018-10-02 17:03:33','https://www.lemonde.fr/referendum-sur-le-brexit/article/2018/10/02/au-congres-du-parti-conservateur-boris-johnson-pilonne-le-plan-brexit-de-theresa-may_5363536_4872498.html?xtor=RSS-3208'),(150,6,'Paris accuse le renseignement iranien d’avoir commandité le projet d’attentat de Villepinte','Selon une source diplomatique française, Téhéran était derrière un projet d’attentat visant un rassemblement de l’opposition iranienne en France en juin.','2018-10-02',NULL,'2018-10-02 17:03:33','2018-10-02 17:03:33','https://www.lemonde.fr/societe/article/2018/10/02/perquisitions-au-siege-d-une-association-musulmane-a-grande-synthe-dans-le-nord_5363171_3224.html?xtor=RSS-3208'),(151,6,'Dans le Jura et au Mali, le combat têtu du fils de l’otage Sophie Pétronin','Sébastien Chadaud-Pétronin lutte depuis près de deux ans pour obtenir la libération de l’otage française, détenue par des islamistes au Mali.','2018-10-02',1,'2018-10-02 17:03:33','2018-10-02 18:01:01','https://www.lemonde.fr/long-format/article/2018/10/02/sebastien-chadaud-petronin-tout-pour-sa-mere_5363070_5345421.html?xtor=RSS-3208'),(152,6,'Les déboires de General Electric inquiètent les ex-Alstom','L’inquiétude grandit à Belfort, le berceau d’Alstom, dont la division énergie a été rachetée en 2015 par General Electric, aujourd’hui en difficulté.','2018-10-02',NULL,'2018-10-02 17:03:33','2018-10-02 17:03:33','https://www.lemonde.fr/economie/article/2018/10/02/les-deboires-de-general-electric-inquietent-les-ex-alstom_5363533_3234.html?xtor=RSS-3208'),(153,6,'Prévention renforcée en France face à la peste porcine','Le 13 septembre, la maladie avait été détectée en Belgique, à une dizaine de kilomètres de la frontière française. La chasse et les activités forestières sont suspendues dans 133 communes de 4 départements.','2018-10-02',NULL,'2018-10-02 17:03:33','2018-10-02 17:03:33','https://www.lemonde.fr/economie/article/2018/10/02/prevention-renforcee-en-france-face-a-la-peste-porcine_5363543_3234.html?xtor=RSS-3208'),(154,6,'Riad Sattouf : « Le dessin m’a permis de gagner l’amour des lecteurs »','Rencontre avec l’auteur de bandes dessinées et réalisateur qui a sorti jeudi le quatrième tome de sa série best-seller « L’Arabe du futur ».','2018-10-02',NULL,'2018-10-02 17:03:33','2018-10-02 17:03:33','https://www.lemonde.fr/livres/article/2018/10/02/riad-sattouf-le-dessin-m-a-permis-de-gagner-l-amour-des-lecteurs_5363457_3260.html?xtor=RSS-3208'),(155,6,'Dix-huit mois de prison requis contre Alexandra D., fausse victime du Carillon','La jeune femme a reconnu s’être faussement présentée comme victime de la fusillade de la terrasse de ce bar parisien, le soir du 13 novembre 2015.','2018-10-02',NULL,'2018-10-02 17:03:33','2018-10-02 17:03:33','https://www.lemonde.fr/police-justice/article/2018/10/02/13-novembre-dix-huit-mois-ferme-requis-contre-alexandra-d-fausse-victime-du-carillon_5363331_1653578.html?xtor=RSS-3208'),(156,6,'Nobel de physique : trois scientifiques, dont un Français, récompensés pour leurs travaux sur les lasers','L’Américain Arthur Ashkin, le Français Gérard Mourou et la Canadienne Donna Strickland ont œuvré à des « inventions révolutionnaires » dans ce domaine.','2018-10-02',NULL,'2018-10-02 17:03:33','2018-10-02 17:03:33','https://www.lemonde.fr/prix-nobel/article/2018/10/02/nobel-de-physique-trois-scientifiques-dont-un-francais-recompenses-pour-leurs-travaux-sur-les-lasers_5363327_1772031.html?xtor=RSS-3208'),(157,6,'Les budgets participatifs en plein essor : 80 villes et six millions de Français concernés','Le Gers lance une consultation sur la gestion de 3 % des investissements départementaux. A Paris, les citoyens disposent de 100 millions d’euros.','2018-10-02',NULL,'2018-10-02 17:03:33','2018-10-02 17:03:33','https://www.lemonde.fr/les-decodeurs/article/2018/10/02/les-budgets-participatifs-en-plein-essor-80-villes-et-six-millions-de-francais-concernes_5363450_4355770.html?xtor=RSS-3208'),(158,6,'Voies sur berges : vers un rejet des recours contre la piétonnisation','Le tribunal administratif de Paris examine mercredi les requêtes contre la fermeture à la circulation de la rive droite de la Seine. Le rapporteur public les rejette toutes, a appris « Le Monde ».','2018-10-02',NULL,'2018-10-02 17:03:33','2018-10-02 17:03:33','https://www.lemonde.fr/pollution/article/2018/10/02/voies-sur-berges-vers-un-rejet-des-recours-contre-la-fermeture-a-la-circulation_5363403_1652666.html?xtor=RSS-3208'),(159,6,'Mort d’Adama Traoré : ce que révèle la dernière expertise médicale','Dans le document, que « Le Monde » a consulté, les médecins estiment que la mort est due à une réaction en chaîne après l’effort provoqué par sa fuite.','2018-10-02',NULL,'2018-10-02 17:03:33','2018-10-02 17:03:33','https://www.lemonde.fr/societe/article/2018/10/02/la-famille-d-adama-traore-conteste-la-nouvelle-expertise-medicale-qui-exonere-les-gendarmes_5363155_3224.html?xtor=RSS-3208'),(160,6,'Charles Aznavour est mort d’une défaillance cardio-respiratoire','Une autopsie réalisée mardi confirme que la mort du chanteur, faisant suite à un œdème pulmonaire, est « naturelle ».','2018-10-02',NULL,'2018-10-02 17:03:33','2018-10-02 17:03:33','https://www.lemonde.fr/culture/article/2018/10/02/charles-aznavour-est-mort-d-une-defaillance-cardio-respiratoire_5363406_3246.html?xtor=RSS-3208'),(161,6,'Football : le FC Nantes remercie Miguel Cardoso et embauche Vahid Halilhodzic','L’entraîneur portugais a été démis de ses fonctions par le président nantais, Waldemar Kita. Il est remplacé par le technicien franco-bosnien, qui fut joueur avec les Canaris dans les années 1980.','2018-10-02',NULL,'2018-10-02 17:03:33','2018-10-02 17:03:33','https://www.lemonde.fr/ligue-1/article/2018/10/02/football-le-fc-nantes-remercie-miguel-cardoso-et-embauche-vahid-halilhodzic_5363437_1616940.html?xtor=RSS-3208'),(162,6,'Après le séisme en Indonésie, le bilan humain dépasse les 1 200 morts','Les dépouilles de nouvelles victimes sont extraites à mesure que les secours atteignent les zones les plus reculées de l’île des Célèbes.','2018-10-01',NULL,'2018-10-02 17:03:33','2018-10-02 17:03:33','https://www.lemonde.fr/asie-pacifique/article/2018/10/01/indonesie-191-000-personnes-ont-besoin-d-une-aide-humanitaire-d-urgence_5363037_3216.html?xtor=RSS-3208'),(163,6,'Les femmes vivent en moyenne deux ans et demi de plus que les hommes « en bonne santé »','Entre 2016 et 2017, l’ « espérance de vie sans incapacité » a progressé en moyenne de 0,8 an pour les femmes, passant de 64,1 ans à 64,9 ans.','2018-10-02',NULL,'2018-10-02 17:03:33','2018-10-02 17:03:33','https://www.lemonde.fr/societe/article/2018/10/02/les-femmes-vivent-en-moyenne-deux-ans-et-demi-de-plus-que-les-hommes-en-bonne-sante_5363376_3224.html?xtor=RSS-3208'),(164,6,'Le tribunal valide le plan de continuation de La Grande Récré','Le tribunal de commerce de Paris a redonné les clés de l’entreprise de distribution de jouets à son PDG, Jean-Michel Grunberg.','2018-10-02',NULL,'2018-10-02 17:03:33','2018-10-02 17:03:33','https://www.lemonde.fr/economie/article/2018/10/02/le-tribunal-valide-le-plan-de-continuation-de-la-grande-recre_5363524_3234.html?xtor=RSS-3208'),(165,6,'Les carburants changent de nom : comment s’y retrouver','A partir du 12 octobre, des sigles remplaceront les noms actuels dans toutes les stations-service de l’UE.','2018-10-02',NULL,'2018-10-02 17:03:33','2018-10-02 17:03:33','https://www.lemonde.fr/automobile/article/2018/10/02/carburants-comment-s-y-retrouver-apres-les-changements-de-noms_5363259_1654940.html?xtor=RSS-3208'),(166,6,'Amiante : les victimes ne désarment pas malgré un nouveau revers','Le parquet de Paris a requis un non-lieu dans l’affaire de Condé-sur-Noireau. La Cour de cassation doit examiner des pourvois dans d’autres dossiers.','2018-10-02',NULL,'2018-10-02 17:03:33','2018-10-02 17:03:33','https://www.lemonde.fr/planete/article/2018/10/02/amiante-les-victimes-ne-desarment-pas-malgre-un-nouveau-revers_5363278_3244.html?xtor=RSS-3208'),(167,6,'Le Soudan du Sud recompte ses morts','Une étude a réévalué le nombre de victimes de la guerre civile à 383 000 personnes. Au cœur de l’étude, un modèle statistique à même d’estimer le nombre de décès qui n’auraient pas eu lieu sans l’existence d’un conflit armé.','2018-10-02',NULL,'2018-10-02 17:03:33','2018-10-02 17:03:33','https://www.lemonde.fr/afrique/article/2018/10/02/le-soudan-du-sud-recompte-ses-morts_5363521_3212.html?xtor=RSS-3208'),(168,6,'Manuel Valls fait ses adieux à l’Assemblée nationale','Candidat à la mairie de Barcelone, le député de l’Essonne a remis mardi sa lettre de démission au président de l’Assemblée, Richard Ferrand, qui prendra effet mercredi.','2018-10-02',NULL,'2018-10-02 17:03:33','2018-10-02 17:03:33','https://www.lemonde.fr/politique/article/2018/10/02/manuel-valls-remet-sa-lettre-de-demission-et-fait-ses-adieux-a-l-assemblee-nationale_5363432_823448.html?xtor=RSS-3208'),(169,7,'Collomb confirme vouloir démissionner, Macron attend les « propositions » pour le remplacer','Le ministre de l’intérieur a réaffirmé sa volonté de quitter le gouvernement malgré un premier refus du président de la République.','2018-10-02',NULL,'2018-10-02 17:57:24','2018-10-02 17:57:24','https://www.lemonde.fr/politique/article/2018/10/02/gerard-collomb-reaffirme-sa-volonte-de-demissionner-macron-demande-au-premier-ministre-de-lui-chercher-un-successeur_5363504_823448.html?xtor=RSS-3208'),(170,7,'Indonésie : pourquoi le séisme a été si meurtrier','Le nombre de morts particulièrement élevé relève de la conjugaison de plusieurs facteurs comme la liquéfaction du sol. Explication en images.','2018-10-02',NULL,'2018-10-02 17:57:24','2018-10-02 17:57:24','https://www.lemonde.fr/planete/video/2018/10/02/indonesie-pourquoi-le-seisme-a-ete-si-meurtrier_5363566_3244.html?xtor=RSS-3208'),(171,7,'Dans le Jura et au Mali, le combat têtu du fils de l’otage Sophie Pétronin','Sébastien Chadaud-Pétronin lutte depuis près de deux ans pour obtenir la libération de l’otage française, détenue par des islamistes au Mali.','2018-10-02',1,'2018-10-02 17:57:24','2018-10-02 18:01:00','https://www.lemonde.fr/long-format/article/2018/10/02/sebastien-chadaud-petronin-tout-pour-sa-mere_5363070_5345421.html?xtor=RSS-3208'),(172,7,'Au congrès du Parti conservateur, Boris Johnson pilonne le plan Brexit de Theresa May','L’ex-ministre des affaires étrangères caresse l’idée d’un échec des négociations avec l’UE tandis que la première ministre espère encore les relancer.','2018-10-02',NULL,'2018-10-02 17:57:24','2018-10-02 17:57:24','https://www.lemonde.fr/referendum-sur-le-brexit/article/2018/10/02/au-congres-du-parti-conservateur-boris-johnson-pilonne-le-plan-brexit-de-theresa-may_5363536_4872498.html?xtor=RSS-3208'),(173,7,'Paris accuse le renseignement iranien d’avoir commandité le projet d’attentat de Villepinte','Selon une source diplomatique française, Téhéran était derrière un projet d’attentat visant un rassemblement de l’opposition iranienne en France en juin.','2018-10-02',NULL,'2018-10-02 17:57:24','2018-10-02 17:57:24','https://www.lemonde.fr/societe/article/2018/10/02/perquisitions-au-siege-d-une-association-musulmane-a-grande-synthe-dans-le-nord_5363171_3224.html?xtor=RSS-3208'),(174,7,'Violences contre des policiers le 1er-Mai à Paris : le couple de la Contrescarpe en garde à vue','Ils sont soupçonnés de violence envers des policiers. Le couple a été entendu le 19 septembre par les juges d’instruction au tribunal de Paris, chargés de cette enquête.','2018-10-02',NULL,'2018-10-02 17:57:24','2018-10-02 17:57:24','https://www.lemonde.fr/politique/article/2018/10/02/violences-contre-des-policiers-le-1er-mai-a-paris-le-couple-de-la-contrescarpe-en-garde-a-vue_5363575_823448.html?xtor=RSS-3208'),(175,7,'Natacha Valla à la BCE : l’ambition tranquille','A 42 ans, cette économiste discrète, passionnée de musique classique, vient d’être nommée numéro deux de la direction de la politique monétaire à la Banque centrale européenne.','2018-10-01',NULL,'2018-10-02 17:57:24','2018-10-02 17:57:24','https://www.lemonde.fr/economie/article/2018/10/01/natacha-valla-a-la-bce-l-ambition-tranquille_5362780_3234.html?xtor=RSS-3208'),(176,7,'Le projet de loi sur l’agriculture et l’alimentation définitivement adopté','Des députés fustigent un texte trop timide sur la défense de l’environnement, tandis que d’autres le jugent trop contraignant pour les paysans.','2018-10-02',NULL,'2018-10-02 17:57:24','2018-10-02 17:57:24','https://www.lemonde.fr/politique/article/2018/10/02/le-projet-de-loi-sur-l-agriculture-et-l-alimentation-definitivement-adopte_5363573_823448.html?xtor=RSS-3208'),(177,7,'Prévention renforcée en France face à la peste porcine','Le 13 septembre, la maladie avait été détectée en Belgique, à une dizaine de kilomètres de la frontière française. La chasse et les activités forestières sont suspendues dans 133 communes de 4 départements.','2018-10-02',NULL,'2018-10-02 17:57:24','2018-10-02 17:57:24','https://www.lemonde.fr/economie/article/2018/10/02/prevention-renforcee-en-france-face-a-la-peste-porcine_5363543_3234.html?xtor=RSS-3208'),(178,7,'Les déboires de General Electric inquiètent les ex-Alstom','L’inquiétude grandit à Belfort, le berceau d’Alstom, dont la division énergie a été rachetée en 2015 par General Electric, aujourd’hui en difficulté.','2018-10-02',NULL,'2018-10-02 17:57:24','2018-10-02 17:57:24','https://www.lemonde.fr/economie/article/2018/10/02/les-deboires-de-general-electric-inquietent-les-ex-alstom_5363533_3234.html?xtor=RSS-3208'),(179,7,'Les femmes représentent 5 % des lauréats des prix Nobel','Les prestigieux prix sont encore très majoritairement remis à des hommes, surtout dans les domaines scientifiques.','2018-10-02',NULL,'2018-10-02 17:57:24','2018-10-02 17:57:24','https://www.lemonde.fr/les-decodeurs/article/2018/10/02/les-femmes-representent-5-des-laureats-des-prix-nobel_5363465_4355770.html?xtor=RSS-3208'),(180,7,'Riad Sattouf : « Le dessin m’a permis de gagner l’amour des lecteurs »','Rencontre avec l’auteur de bandes dessinées et réalisateur qui a sorti jeudi le quatrième tome de sa série best-seller « L’Arabe du futur ».','2018-10-02',NULL,'2018-10-02 17:57:24','2018-10-02 17:57:24','https://www.lemonde.fr/livres/article/2018/10/02/riad-sattouf-le-dessin-m-a-permis-de-gagner-l-amour-des-lecteurs_5363457_3260.html?xtor=RSS-3208'),(181,7,'Amazon fixe son salaire minimal à 15 dollars aux Etats-Unis','Le plein-emploi et la pénurie de main-d’œuvre commencent à entraîner une hausse des rémunérations aux Etats-Unis.','2018-10-02',NULL,'2018-10-02 17:57:24','2018-10-02 17:57:24','https://www.lemonde.fr/economie/article/2018/10/02/amazon-fixe-son-salaire-minimal-a-15-dollars-aux-etats-unis_5363549_3234.html?xtor=RSS-3208'),(182,7,'Dix-huit mois de prison requis contre Alexandra D., fausse victime du Carillon','La jeune femme a reconnu s’être faussement présentée comme victime de la fusillade de la terrasse de ce bar parisien, le soir du 13 novembre 2015.','2018-10-02',NULL,'2018-10-02 17:57:24','2018-10-02 17:57:24','https://www.lemonde.fr/police-justice/article/2018/10/02/13-novembre-dix-huit-mois-ferme-requis-contre-alexandra-d-fausse-victime-du-carillon_5363331_1653578.html?xtor=RSS-3208'),(183,7,'Toxicomanie : des distributeurs de seringues réinstallés en Seine-Saint-Denis','L’Agence régionale de santé d’Ile-de-France a annoncé que les distributeurs qui avaient été désinstallés le 31 août seraient réimplantés le 3 octobre.','2018-10-02',NULL,'2018-10-02 17:57:24','2018-10-02 17:57:24','https://www.lemonde.fr/societe/article/2018/10/02/toxicomanie-des-distributeurs-de-seringues-reinstalles-en-seine-saint-denis_5363558_3224.html?xtor=RSS-3208'),(184,7,'Les budgets participatifs en plein essor : 80 villes et six millions de Français concernés','Le Gers lance une consultation sur la gestion de 3 % des investissements départementaux. A Paris, les citoyens disposent de 100 millions d’euros.','2018-10-02',NULL,'2018-10-02 17:57:24','2018-10-02 17:57:24','https://www.lemonde.fr/les-decodeurs/article/2018/10/02/les-budgets-participatifs-en-plein-essor-80-villes-et-six-millions-de-francais-concernes_5363450_4355770.html?xtor=RSS-3208'),(185,7,'Mort d’Adama Traoré : ce que révèle la dernière expertise médicale','Dans le document, que « Le Monde » a consulté, les médecins estiment que la mort est due à une réaction en chaîne après l’effort provoqué par sa fuite.','2018-10-02',NULL,'2018-10-02 17:57:24','2018-10-02 17:57:24','https://www.lemonde.fr/societe/article/2018/10/02/la-famille-d-adama-traore-conteste-la-nouvelle-expertise-medicale-qui-exonere-les-gendarmes_5363155_3224.html?xtor=RSS-3208'),(186,7,'Voies sur berges : vers un rejet des recours contre la piétonnisation','Le tribunal administratif de Paris examine mercredi les requêtes contre la fermeture à la circulation de la rive droite de la Seine. Le rapporteur public les rejette toutes, a appris « Le Monde ».','2018-10-02',NULL,'2018-10-02 17:57:24','2018-10-02 17:57:24','https://www.lemonde.fr/pollution/article/2018/10/02/voies-sur-berges-vers-un-rejet-des-recours-contre-la-fermeture-a-la-circulation_5363403_1652666.html?xtor=RSS-3208'),(187,7,'Charles Aznavour est mort d’une défaillance cardio-respiratoire','Une autopsie réalisée mardi confirme que la mort du chanteur, faisant suite à un œdème pulmonaire, est « naturelle ».','2018-10-02',NULL,'2018-10-02 17:57:24','2018-10-02 17:57:24','https://www.lemonde.fr/culture/article/2018/10/02/charles-aznavour-est-mort-d-une-defaillance-cardio-respiratoire_5363406_3246.html?xtor=RSS-3208'),(188,7,'Amiante : les victimes ne désarment pas malgré un nouveau revers','Le parquet de Paris a requis un non-lieu dans l’affaire de Condé-sur-Noireau. La Cour de cassation doit examiner des pourvois dans d’autres dossiers.','2018-10-02',NULL,'2018-10-02 17:57:24','2018-10-02 17:57:24','https://www.lemonde.fr/planete/article/2018/10/02/amiante-les-victimes-ne-desarment-pas-malgre-un-nouveau-revers_5363278_3244.html?xtor=RSS-3208'),(189,7,'Manuel Valls fait ses adieux à l’Assemblée nationale','Candidat à la mairie de Barcelone, le député de l’Essonne a remis mardi sa lettre de démission au président de l’Assemblée, Richard Ferrand, qui prendra effet mercredi.','2018-10-02',NULL,'2018-10-02 17:57:24','2018-10-02 17:57:24','https://www.lemonde.fr/politique/article/2018/10/02/manuel-valls-remet-sa-lettre-de-demission-et-fait-ses-adieux-a-l-assemblee-nationale_5363432_823448.html?xtor=RSS-3208');
/*!40000 ALTER TABLE `rss_entries` ENABLE KEYS */;
UNLOCK TABLES;

--
-- Table structure for table `rss_feeds`
--

DROP TABLE IF EXISTS `rss_feeds`;
/*!40101 SET @saved_cs_client     = @@character_set_client */;
 SET character_set_client = utf8mb4 ;
CREATE TABLE `rss_feeds` (
  `id` bigint(20) NOT NULL AUTO_INCREMENT,
  `url` varchar(255) DEFAULT NULL,
  `created_at` datetime NOT NULL,
  `updated_at` datetime NOT NULL,
  `title` varchar(255) DEFAULT NULL,
  `last_updated` timestamp NULL DEFAULT NULL,
  PRIMARY KEY (`id`)
) ENGINE=InnoDB AUTO_INCREMENT=8 DEFAULT CHARSET=utf8;
/*!40101 SET character_set_client = @saved_cs_client */;

--
-- Dumping data for table `rss_feeds`
--

LOCK TABLES `rss_feeds` WRITE;
/*!40000 ALTER TABLE `rss_feeds` DISABLE KEYS */;
INSERT INTO `rss_feeds` VALUES (4,'https://web.developpez.com/index/rss','2018-10-02 17:00:58','2018-10-02 17:00:58','developpez',NULL),(5,'https://www.alsacreations.com/rss/actualites.xml','2018-10-02 17:01:13','2018-10-02 17:01:13','',NULL),(6,'https://www.lemonde.fr/rss/une.xml','2018-10-02 17:03:33','2018-10-02 17:03:33','',NULL),(7,'https://www.lemonde.fr/rss/une.xml','2018-10-02 17:57:23','2018-10-02 17:57:23','LeMonde',NULL);
/*!40000 ALTER TABLE `rss_feeds` ENABLE KEYS */;
UNLOCK TABLES;

--
-- Table structure for table `schema_migrations`
--

DROP TABLE IF EXISTS `schema_migrations`;
/*!40101 SET @saved_cs_client     = @@character_set_client */;
 SET character_set_client = utf8mb4 ;
CREATE TABLE `schema_migrations` (
  `version` varchar(255) NOT NULL,
  PRIMARY KEY (`version`)
) ENGINE=InnoDB DEFAULT CHARSET=utf8;
/*!40101 SET character_set_client = @saved_cs_client */;

--
-- Dumping data for table `schema_migrations`
--

LOCK TABLES `schema_migrations` WRITE;
/*!40000 ALTER TABLE `schema_migrations` DISABLE KEYS */;
INSERT INTO `schema_migrations` VALUES ('20181001191136'),('20181001191301'),('20181001192426'),('20181001193645'),('20181001213452');
/*!40000 ALTER TABLE `schema_migrations` ENABLE KEYS */;
UNLOCK TABLES;
/*!40103 SET TIME_ZONE=@OLD_TIME_ZONE */;

/*!40101 SET SQL_MODE=@OLD_SQL_MODE */;
/*!40014 SET FOREIGN_KEY_CHECKS=@OLD_FOREIGN_KEY_CHECKS */;
/*!40014 SET UNIQUE_CHECKS=@OLD_UNIQUE_CHECKS */;
/*!40101 SET CHARACTER_SET_CLIENT=@OLD_CHARACTER_SET_CLIENT */;
/*!40101 SET CHARACTER_SET_RESULTS=@OLD_CHARACTER_SET_RESULTS */;
/*!40101 SET COLLATION_CONNECTION=@OLD_COLLATION_CONNECTION */;
/*!40111 SET SQL_NOTES=@OLD_SQL_NOTES */;

-- Dump completed on 2018-10-02 20:03:10
